nohup: ignoring input
### Training on GPUs... ###

>>> Starting Run 1/1 <<<
Using cuda device

============================================================
### INITIALIZING HEALTHY TRAINING (PHASE 1) ###
============================================================


--- Starting Iteration 1/10 ---
---------------------------------
| rollout/           |          |
|    ep_len_mean     | 38       |
|    ep_rew_mean     | -6.46    |
| time/              |          |
|    fps             | 146      |
|    iterations      | 1        |
|    time_elapsed    | 3        |
|    total_timesteps | 512      |
---------------------------------
------------------------------------------
| rollout/                |              |
|    ep_len_mean          | 34.8         |
|    ep_rew_mean          | -5.95        |
| time/                   |              |
|    fps                  | 169          |
|    iterations           | 2            |
|    time_elapsed         | 6            |
|    total_timesteps      | 1024         |
| train/                  |              |
|    approx_kl            | 0.0024802848 |
|    clip_fraction        | 0.00195      |
|    clip_range           | 0.2          |
|    entropy_loss         | -1.39        |
|    explained_variance   | -0.0153      |
|    learning_rate        | 0.0003       |
|    loss                 | 0.277        |
|    n_updates            | 10           |
|    policy_gradient_loss | -0.00334     |
|    value_loss           | 1.64         |
------------------------------------------
-----------------------------------------
| rollout/                |             |
|    ep_len_mean          | 36.2        |
|    ep_rew_mean          | -6.36       |
| time/                   |             |
|    fps                  | 179         |
|    iterations           | 3           |
|    time_elapsed         | 8           |
|    total_timesteps      | 1536        |
| train/                  |             |
|    approx_kl            | 0.002769378 |
|    clip_fraction        | 0.0041      |
|    clip_range           | 0.2         |
|    entropy_loss         | -1.38       |
|    explained_variance   | 0.297       |
|    learning_rate        | 0.0003      |
|    loss                 | 0.169       |
|    n_updates            | 20          |
|    policy_gradient_loss | 0.000685    |
|    value_loss           | 1.18        |
-----------------------------------------
-----------------------------------------
| rollout/                |             |
|    ep_len_mean          | 36.7        |
|    ep_rew_mean          | -5.97       |
| time/                   |             |
|    fps                  | 184         |
|    iterations           | 4           |
|    time_elapsed         | 11          |
|    total_timesteps      | 2048        |
| train/                  |             |
|    approx_kl            | 0.011189078 |
|    clip_fraction        | 0.0482      |
|    clip_range           | 0.2         |
|    entropy_loss         | -1.37       |
|    explained_variance   | -0.00154    |
|    learning_rate        | 0.0003      |
|    loss                 | 0.191       |
|    n_updates            | 30          |
|    policy_gradient_loss | -0.0114     |
|    value_loss           | 0.941       |
-----------------------------------------
------------------------------------------
| rollout/                |              |
|    ep_len_mean          | 36.5         |
|    ep_rew_mean          | -5.95        |
| time/                   |              |
|    fps                  | 190          |
|    iterations           | 5            |
|    time_elapsed         | 13           |
|    total_timesteps      | 2560         |
| train/                  |              |
|    approx_kl            | 0.0057144444 |
|    clip_fraction        | 0.0236       |
|    clip_range           | 0.2          |
|    entropy_loss         | -1.35        |
|    explained_variance   | 0.258        |
|    learning_rate        | 0.0003       |
|    loss                 | 0.262        |
|    n_updates            | 40           |
|    policy_gradient_loss | -0.000715    |
|    value_loss           | 1.24         |
------------------------------------------
-----------------------------------------
| rollout/                |             |
|    ep_len_mean          | 35.6        |
|    ep_rew_mean          | -5.86       |
| time/                   |             |
|    fps                  | 194         |
|    iterations           | 6           |
|    time_elapsed         | 15          |
|    total_timesteps      | 3072        |
| train/                  |             |
|    approx_kl            | 0.004278199 |
|    clip_fraction        | 0.0166      |
|    clip_range           | 0.2         |
|    entropy_loss         | -1.35       |
|    explained_variance   | 0.157       |
|    learning_rate        | 0.0003      |
|    loss                 | 0.254       |
|    n_updates            | 50          |
|    policy_gradient_loss | 0.00671     |
|    value_loss           | 1.4         |
-----------------------------------------
------------------------------------------
| rollout/                |              |
|    ep_len_mean          | 36           |
|    ep_rew_mean          | -6.01        |
| time/                   |              |
|    fps                  | 196          |
|    iterations           | 7            |
|    time_elapsed         | 18           |
|    total_timesteps      | 3584         |
| train/                  |              |
|    approx_kl            | 0.0023357426 |
|    clip_fraction        | 0.00801      |
|    clip_range           | 0.2          |
|    entropy_loss         | -1.35        |
|    explained_variance   | 0.385        |
|    learning_rate        | 0.0003       |
|    loss                 | 0.177        |
|    n_updates            | 60           |
|    policy_gradient_loss | 0.00279      |
|    value_loss           | 1.48         |
------------------------------------------
------------------------------------------
| rollout/                |              |
|    ep_len_mean          | 35.4         |
|    ep_rew_mean          | -6           |
| time/                   |              |
|    fps                  | 197          |
|    iterations           | 8            |
|    time_elapsed         | 20           |
|    total_timesteps      | 4096         |
| train/                  |              |
|    approx_kl            | 0.0052518453 |
|    clip_fraction        | 0.0217       |
|    clip_range           | 0.2          |
|    entropy_loss         | -1.36        |
|    explained_variance   | 0.368        |
|    learning_rate        | 0.0003       |
|    loss                 | 0.0986       |
|    n_updates            | 70           |
|    policy_gradient_loss | -0.00114     |
|    value_loss           | 0.906        |
------------------------------------------
-----------------------------------------
| rollout/                |             |
|    ep_len_mean          | 36.5        |
|    ep_rew_mean          | -6.1        |
| time/                   |             |
|    fps                  | 198         |
|    iterations           | 9           |
|    time_elapsed         | 23          |
|    total_timesteps      | 4608        |
| train/                  |             |
|    approx_kl            | 0.010309998 |
|    clip_fraction        | 0.0143      |
|    clip_range           | 0.2         |
|    entropy_loss         | -1.38       |
|    explained_variance   | 0.496       |
|    learning_rate        | 0.0003      |
|    loss                 | 0.221       |
|    n_updates            | 80          |
|    policy_gradient_loss | -0.00456    |
|    value_loss           | 1.28        |
-----------------------------------------
-----------------------------------------
| rollout/                |             |
|    ep_len_mean          | 36.2        |
|    ep_rew_mean          | -6.05       |
| time/                   |             |
|    fps                  | 200         |
|    iterations           | 10          |
|    time_elapsed         | 25          |
|    total_timesteps      | 5120        |
| train/                  |             |
|    approx_kl            | 0.004170344 |
|    clip_fraction        | 0.00254     |
|    clip_range           | 0.2         |
|    entropy_loss         | -1.37       |
|    explained_variance   | 0.666       |
|    learning_rate        | 0.0003      |
|    loss                 | 0.0873      |
|    n_updates            | 90          |
|    policy_gradient_loss | -0.00165    |
|    value_loss           | 0.94        |
-----------------------------------------
-----------------------------------------
| rollout/                |             |
|    ep_len_mean          | 36          |
|    ep_rew_mean          | -6.22       |
| time/                   |             |
|    fps                  | 200         |
|    iterations           | 11          |
|    time_elapsed         | 28          |
|    total_timesteps      | 5632        |
| train/                  |             |
|    approx_kl            | 0.005227928 |
|    clip_fraction        | 0.000195    |
|    clip_range           | 0.2         |
|    entropy_loss         | -1.38       |
|    explained_variance   | 0.396       |
|    learning_rate        | 0.0003      |
|    loss                 | 0.158       |
|    n_updates            | 100         |
|    policy_gradient_loss | -0.000807   |
|    value_loss           | 1.26        |
-----------------------------------------
------------------------------------------
| rollout/                |              |
|    ep_len_mean          | 36.7         |
|    ep_rew_mean          | -6.45        |
| time/                   |              |
|    fps                  | 201          |
|    iterations           | 12           |
|    time_elapsed         | 30           |
|    total_timesteps      | 6144         |
| train/                  |              |
|    approx_kl            | 0.0062677925 |
|    clip_fraction        | 0.0307       |
|    clip_range           | 0.2          |
|    entropy_loss         | -1.38        |
|    explained_variance   | 0.709        |
|    learning_rate        | 0.0003       |
|    loss                 | 0.121        |
|    n_updates            | 110          |
|    policy_gradient_loss | -0.00171     |
|    value_loss           | 0.938        |
------------------------------------------
------------------------------------------
| rollout/                |              |
|    ep_len_mean          | 37           |
|    ep_rew_mean          | -6.43        |
| time/                   |              |
|    fps                  | 202          |
|    iterations           | 13           |
|    time_elapsed         | 32           |
|    total_timesteps      | 6656         |
| train/                  |              |
|    approx_kl            | 0.0061688507 |
|    clip_fraction        | 0.00664      |
|    clip_range           | 0.2          |
|    entropy_loss         | -1.38        |
|    explained_variance   | 0.622        |
|    learning_rate        | 0.0003       |
|    loss                 | 0.195        |
|    n_updates            | 120          |
|    policy_gradient_loss | -0.00406     |
|    value_loss           | 1.34         |
------------------------------------------
-----------------------------------------
| rollout/                |             |
|    ep_len_mean          | 37.1        |
|    ep_rew_mean          | -6.38       |
| time/                   |             |
|    fps                  | 202         |
|    iterations           | 14          |
|    time_elapsed         | 35          |
|    total_timesteps      | 7168        |
| train/                  |             |
|    approx_kl            | 0.012100615 |
|    clip_fraction        | 0.0939      |
|    clip_range           | 0.2         |
|    entropy_loss         | -1.35       |
|    explained_variance   | 0.356       |
|    learning_rate        | 0.0003      |
|    loss                 | 0.236       |
|    n_updates            | 130         |
|    policy_gradient_loss | -0.00251    |
|    value_loss           | 1.95        |
-----------------------------------------
------------------------------------------
| rollout/                |              |
|    ep_len_mean          | 37.8         |
|    ep_rew_mean          | -6.63        |
| time/                   |              |
|    fps                  | 203          |
|    iterations           | 15           |
|    time_elapsed         | 37           |
|    total_timesteps      | 7680         |
| train/                  |              |
|    approx_kl            | 0.0061909202 |
|    clip_fraction        | 0.0131       |
|    clip_range           | 0.2          |
|    entropy_loss         | -1.34        |
|    explained_variance   | 0.636        |
|    learning_rate        | 0.0003       |
|    loss                 | 0.198        |
|    n_updates            | 140          |
|    policy_gradient_loss | -0.00315     |
|    value_loss           | 1.62         |
------------------------------------------
-----------------------------------------
| rollout/                |             |
|    ep_len_mean          | 36.5        |
|    ep_rew_mean          | -6.43       |
| time/                   |             |
|    fps                  | 203         |
|    iterations           | 16          |
|    time_elapsed         | 40          |
|    total_timesteps      | 8192        |
| train/                  |             |
|    approx_kl            | 0.011539899 |
|    clip_fraction        | 0.107       |
|    clip_range           | 0.2         |
|    entropy_loss         | -1.33       |
|    explained_variance   | 0.839       |
|    learning_rate        | 0.0003      |
|    loss                 | 0.265       |
|    n_updates            | 150         |
|    policy_gradient_loss | -0.00779    |
|    value_loss           | 1.08        |
-----------------------------------------
-----------------------------------------
| rollout/                |             |
|    ep_len_mean          | 36.6        |
|    ep_rew_mean          | -6.39       |
| time/                   |             |
|    fps                  | 202         |
|    iterations           | 17          |
|    time_elapsed         | 42          |
|    total_timesteps      | 8704        |
| train/                  |             |
|    approx_kl            | 0.009315142 |
|    clip_fraction        | 0.0496      |
|    clip_range           | 0.2         |
|    entropy_loss         | -1.33       |
|    explained_variance   | 0.804       |
|    learning_rate        | 0.0003      |
|    loss                 | 0.385       |
|    n_updates            | 160         |
|    policy_gradient_loss | -0.00902    |
|    value_loss           | 1.63        |
-----------------------------------------
------------------------------------------
| rollout/                |              |
|    ep_len_mean          | 36.6         |
|    ep_rew_mean          | -6.41        |
| time/                   |              |
|    fps                  | 203          |
|    iterations           | 18           |
|    time_elapsed         | 45           |
|    total_timesteps      | 9216         |
| train/                  |              |
|    approx_kl            | 0.0052434797 |
|    clip_fraction        | 0.0326       |
|    clip_range           | 0.2          |
|    entropy_loss         | -1.34        |
|    explained_variance   | 0.631        |
|    learning_rate        | 0.0003       |
|    loss                 | 0.829        |
|    n_updates            | 170          |
|    policy_gradient_loss | 0.000266     |
|    value_loss           | 1.72         |
------------------------------------------
------------------------------------------
| rollout/                |              |
|    ep_len_mean          | 36.1         |
|    ep_rew_mean          | -5.95        |
| time/                   |              |
|    fps                  | 203          |
|    iterations           | 19           |
|    time_elapsed         | 47           |
|    total_timesteps      | 9728         |
| train/                  |              |
|    approx_kl            | 0.0034371046 |
|    clip_fraction        | 0.0439       |
|    clip_range           | 0.2          |
|    entropy_loss         | -1.32        |
|    explained_variance   | 0.805        |
|    learning_rate        | 0.0003       |
|    loss                 | 0.712        |
|    n_updates            | 180          |
|    policy_gradient_loss | -0.00303     |
|    value_loss           | 1.92         |
------------------------------------------
-----------------------------------------
| rollout/                |             |
|    ep_len_mean          | 36          |
|    ep_rew_mean          | -5.95       |
| time/                   |             |
|    fps                  | 203         |
|    iterations           | 20          |
|    time_elapsed         | 50          |
|    total_timesteps      | 10240       |
| train/                  |             |
|    approx_kl            | 0.013582701 |
|    clip_fraction        | 0.0855      |
|    clip_range           | 0.2         |
|    entropy_loss         | -1.3        |
|    explained_variance   | 0.546       |
|    learning_rate        | 0.0003      |
|    loss                 | 0.539       |
|    n_updates            | 190         |
|    policy_gradient_loss | 0.0012      |
|    value_loss           | 3.13        |
-----------------------------------------
-----------------------------------------
| rollout/                |             |
|    ep_len_mean          | 36.2        |
|    ep_rew_mean          | -6.13       |
| time/                   |             |
|    fps                  | 203         |
|    iterations           | 21          |
|    time_elapsed         | 52          |
|    total_timesteps      | 10752       |
| train/                  |             |
|    approx_kl            | 0.010989772 |
|    clip_fraction        | 0.0746      |
|    clip_range           | 0.2         |
|    entropy_loss         | -1.25       |
|    explained_variance   | 0.474       |
|    learning_rate        | 0.0003      |
|    loss                 | 0.223       |
|    n_updates            | 200         |
|    policy_gradient_loss | -0.00399    |
|    value_loss           | 1.72        |
-----------------------------------------
-----------------------------------------
| rollout/                |             |
|    ep_len_mean          | 36.1        |
|    ep_rew_mean          | -5.81       |
| time/                   |             |
|    fps                  | 204         |
|    iterations           | 22          |
|    time_elapsed         | 55          |
|    total_timesteps      | 11264       |
| train/                  |             |
|    approx_kl            | 0.009372562 |
|    clip_fraction        | 0.0723      |
|    clip_range           | 0.2         |
|    entropy_loss         | -1.25       |
|    explained_variance   | 0.925       |
|    learning_rate        | 0.0003      |
|    loss                 | 0.0832      |
|    n_updates            | 210         |
|    policy_gradient_loss | -0.00628    |
|    value_loss           | 0.663       |
-----------------------------------------
----------------------------------------
| rollout/                |            |
|    ep_len_mean          | 36.7       |
|    ep_rew_mean          | -5.98      |
| time/                   |            |
|    fps                  | 204        |
|    iterations           | 23         |
|    time_elapsed         | 57         |
|    total_timesteps      | 11776      |
| train/                  |            |
|    approx_kl            | 0.01402971 |
|    clip_fraction        | 0.146      |
|    clip_range           | 0.2        |
|    entropy_loss         | -1.25      |
|    explained_variance   | 0.798      |
|    learning_rate        | 0.0003     |
|    loss                 | 0.344      |
|    n_updates            | 220        |
|    policy_gradient_loss | -0.000614  |
|    value_loss           | 1.36       |
----------------------------------------
-----------------------------------------
| rollout/                |             |
|    ep_len_mean          | 36.3        |
|    ep_rew_mean          | -5.67       |
| time/                   |             |
|    fps                  | 204         |
|    iterations           | 24          |
|    time_elapsed         | 60          |
|    total_timesteps      | 12288       |
| train/                  |             |
|    approx_kl            | 0.041755483 |
|    clip_fraction        | 0.322       |
|    clip_range           | 0.2         |
|    entropy_loss         | -1.24       |
|    explained_variance   | 0.392       |
|    learning_rate        | 0.0003      |
|    loss                 | 0.469       |
|    n_updates            | 230         |
|    policy_gradient_loss | 0.0126      |
|    value_loss           | 4.55        |
-----------------------------------------
-----------------------------------------
| rollout/                |             |
|    ep_len_mean          | 36.5        |
|    ep_rew_mean          | -5.87       |
| time/                   |             |
|    fps                  | 204         |
|    iterations           | 25          |
|    time_elapsed         | 62          |
|    total_timesteps      | 12800       |
| train/                  |             |
|    approx_kl            | 0.011501068 |
|    clip_fraction        | 0.128       |
|    clip_range           | 0.2         |
|    entropy_loss         | -1.12       |
|    explained_variance   | 0.894       |
|    learning_rate        | 0.0003      |
|    loss                 | 0.102       |
|    n_updates            | 240         |
|    policy_gradient_loss | -0.00372    |
|    value_loss           | 0.839       |
-----------------------------------------
-----------------------------------------
| rollout/                |             |
|    ep_len_mean          | 36.8        |
|    ep_rew_mean          | -6.32       |
| time/                   |             |
|    fps                  | 204         |
|    iterations           | 26          |
|    time_elapsed         | 65          |
|    total_timesteps      | 13312       |
| train/                  |             |
|    approx_kl            | 0.006972993 |
|    clip_fraction        | 0.0588      |
|    clip_range           | 0.2         |
|    entropy_loss         | -1.11       |
|    explained_variance   | 0.799       |
|    learning_rate        | 0.0003      |
|    loss                 | 0.4         |
|    n_updates            | 250         |
|    policy_gradient_loss | -0.000702   |
|    value_loss           | 1.07        |
-----------------------------------------
------------------------------------------
| rollout/                |              |
|    ep_len_mean          | 36.9         |
|    ep_rew_mean          | -6.61        |
| time/                   |              |
|    fps                  | 204          |
|    iterations           | 27           |
|    time_elapsed         | 67           |
|    total_timesteps      | 13824        |
| train/                  |              |
|    approx_kl            | 0.0050873756 |
|    clip_fraction        | 0.0326       |
|    clip_range           | 0.2          |
|    entropy_loss         | -1.16        |
|    explained_variance   | 0.797        |
|    learning_rate        | 0.0003       |
|    loss                 | 0.372        |
|    n_updates            | 260          |
|    policy_gradient_loss | -0.000559    |
|    value_loss           | 1.48         |
------------------------------------------
-----------------------------------------
| rollout/                |             |
|    ep_len_mean          | 36.8        |
|    ep_rew_mean          | -6.68       |
| time/                   |             |
|    fps                  | 203         |
|    iterations           | 28          |
|    time_elapsed         | 70          |
|    total_timesteps      | 14336       |
| train/                  |             |
|    approx_kl            | 0.004428835 |
|    clip_fraction        | 0.0242      |
|    clip_range           | 0.2         |
|    entropy_loss         | -1.13       |
|    explained_variance   | 0.815       |
|    learning_rate        | 0.0003      |
|    loss                 | 0.145       |
|    n_updates            | 270         |
|    policy_gradient_loss | -0.00272    |
|    value_loss           | 0.976       |
-----------------------------------------
-----------------------------------------
| rollout/                |             |
|    ep_len_mean          | 37.4        |
|    ep_rew_mean          | -6.88       |
| time/                   |             |
|    fps                  | 203         |
|    iterations           | 29          |
|    time_elapsed         | 72          |
|    total_timesteps      | 14848       |
| train/                  |             |
|    approx_kl            | 0.005670294 |
|    clip_fraction        | 0.0416      |
|    clip_range           | 0.2         |
|    entropy_loss         | -1.17       |
|    explained_variance   | 0.879       |
|    learning_rate        | 0.0003      |
|    loss                 | 0.15        |
|    n_updates            | 280         |
|    policy_gradient_loss | 0.00485     |
|    value_loss           | 0.68        |
-----------------------------------------
------------------------------------------
| rollout/                |              |
|    ep_len_mean          | 37.6         |
|    ep_rew_mean          | -6.88        |
| time/                   |              |
|    fps                  | 203          |
|    iterations           | 30           |
|    time_elapsed         | 75           |
|    total_timesteps      | 15360        |
| train/                  |              |
|    approx_kl            | 0.0043859766 |
|    clip_fraction        | 0.023        |
|    clip_range           | 0.2          |
|    entropy_loss         | -1.16        |
|    explained_variance   | 0.926        |
|    learning_rate        | 0.0003       |
|    loss                 | 0.272        |
|    n_updates            | 290          |
|    policy_gradient_loss | 0.0023       |
|    value_loss           | 0.569        |
------------------------------------------
-----------------------------------------
| rollout/                |             |
|    ep_len_mean          | 38          |
|    ep_rew_mean          | -7.25       |
| time/                   |             |
|    fps                  | 203         |
|    iterations           | 31          |
|    time_elapsed         | 77          |
|    total_timesteps      | 15872       |
| train/                  |             |
|    approx_kl            | 0.009499449 |
|    clip_fraction        | 0.121       |
|    clip_range           | 0.2         |
|    entropy_loss         | -1.19       |
|    explained_variance   | -0.186      |
|    learning_rate        | 0.0003      |
|    loss                 | 0.488       |
|    n_updates            | 300         |
|    policy_gradient_loss | 0.0183      |
|    value_loss           | 3.5         |
-----------------------------------------
-----------------------------------------
| rollout/                |             |
|    ep_len_mean          | 37.8        |
|    ep_rew_mean          | -7.18       |
| time/                   |             |
|    fps                  | 203         |
|    iterations           | 32          |
|    time_elapsed         | 80          |
|    total_timesteps      | 16384       |
| train/                  |             |
|    approx_kl            | 0.010071009 |
|    clip_fraction        | 0.0773      |
|    clip_range           | 0.2         |
|    entropy_loss         | -1.18       |
|    explained_variance   | 0.619       |
|    learning_rate        | 0.0003      |
|    loss                 | 0.21        |
|    n_updates            | 310         |
|    policy_gradient_loss | -0.000192   |
|    value_loss           | 1.25        |
-----------------------------------------
-----------------------------------------
| rollout/                |             |
|    ep_len_mean          | 37.9        |
|    ep_rew_mean          | -6.82       |
| time/                   |             |
|    fps                  | 203         |
|    iterations           | 33          |
|    time_elapsed         | 82          |
|    total_timesteps      | 16896       |
| train/                  |             |
|    approx_kl            | 0.011731822 |
|    clip_fraction        | 0.0457      |
|    clip_range           | 0.2         |
|    entropy_loss         | -1.22       |
|    explained_variance   | 0.191       |
|    learning_rate        | 0.0003      |
|    loss                 | 0.147       |
|    n_updates            | 320         |
|    policy_gradient_loss | -0.0119     |
|    value_loss           | 1.92        |
-----------------------------------------
-----------------------------------------
| rollout/                |             |
|    ep_len_mean          | 38          |
|    ep_rew_mean          | -6.77       |
| time/                   |             |
|    fps                  | 203         |
|    iterations           | 34          |
|    time_elapsed         | 85          |
|    total_timesteps      | 17408       |
| train/                  |             |
|    approx_kl            | 0.008310063 |
|    clip_fraction        | 0.0572      |
|    clip_range           | 0.2         |
|    entropy_loss         | -1.25       |
|    explained_variance   | 0.669       |
|    learning_rate        | 0.0003      |
|    loss                 | 0.258       |
|    n_updates            | 330         |
|    policy_gradient_loss | -0.00268    |
|    value_loss           | 1.03        |
-----------------------------------------
-----------------------------------------
| rollout/                |             |
|    ep_len_mean          | 37.6        |
|    ep_rew_mean          | -6.33       |
| time/                   |             |
|    fps                  | 204         |
|    iterations           | 35          |
|    time_elapsed         | 87          |
|    total_timesteps      | 17920       |
| train/                  |             |
|    approx_kl            | 0.011872982 |
|    clip_fraction        | 0.092       |
|    clip_range           | 0.2         |
|    entropy_loss         | -1.3        |
|    explained_variance   | 0.819       |
|    learning_rate        | 0.0003      |
|    loss                 | 0.143       |
|    n_updates            | 340         |
|    policy_gradient_loss | -0.0112     |
|    value_loss           | 0.726       |
-----------------------------------------
-----------------------------------------
| rollout/                |             |
|    ep_len_mean          | 37.8        |
|    ep_rew_mean          | -6.26       |
| time/                   |             |
|    fps                  | 204         |
|    iterations           | 36          |
|    time_elapsed         | 90          |
|    total_timesteps      | 18432       |
| train/                  |             |
|    approx_kl            | 0.017997159 |
|    clip_fraction        | 0.0865      |
|    clip_range           | 0.2         |
|    entropy_loss         | -1.32       |
|    explained_variance   | 0.606       |
|    learning_rate        | 0.0003      |
|    loss                 | 0.193       |
|    n_updates            | 350         |
|    policy_gradient_loss | -0.00559    |
|    value_loss           | 1.68        |
-----------------------------------------
------------------------------------------
| rollout/                |              |
|    ep_len_mean          | 37.9         |
|    ep_rew_mean          | -6.45        |
| time/                   |              |
|    fps                  | 204          |
|    iterations           | 37           |
|    time_elapsed         | 92           |
|    total_timesteps      | 18944        |
| train/                  |              |
|    approx_kl            | 0.0072397557 |
|    clip_fraction        | 0.0934       |
|    clip_range           | 0.2          |
|    entropy_loss         | -1.32        |
|    explained_variance   | 0.701        |
|    learning_rate        | 0.0003       |
|    loss                 | 0.092        |
|    n_updates            | 360          |
|    policy_gradient_loss | -0.00133     |
|    value_loss           | 1.22         |
------------------------------------------
---------------------------------------
| rollout/                |           |
|    ep_len_mean          | 37.5      |
|    ep_rew_mean          | -6.27     |
| time/                   |           |
|    fps                  | 204       |
|    iterations           | 38        |
|    time_elapsed         | 95        |
|    total_timesteps      | 19456     |
| train/                  |           |
|    approx_kl            | 0.0163717 |
|    clip_fraction        | 0.0895    |
|    clip_range           | 0.2       |
|    entropy_loss         | -1.32     |
|    explained_variance   | 0.693     |
|    learning_rate        | 0.0003    |
|    loss                 | 0.0669    |
|    n_updates            | 370       |
|    policy_gradient_loss | -0.00779  |
|    value_loss           | 1.09      |
---------------------------------------
-----------------------------------------
| rollout/                |             |
|    ep_len_mean          | 38.6        |
|    ep_rew_mean          | -6.45       |
| time/                   |             |
|    fps                  | 204         |
|    iterations           | 39          |
|    time_elapsed         | 97          |
|    total_timesteps      | 19968       |
| train/                  |             |
|    approx_kl            | 0.022440236 |
|    clip_fraction        | 0.152       |
|    clip_range           | 0.2         |
|    entropy_loss         | -1.34       |
|    explained_variance   | 0.423       |
|    learning_rate        | 0.0003      |
|    loss                 | 0.398       |
|    n_updates            | 380         |
|    policy_gradient_loss | -0.00792    |
|    value_loss           | 2.81        |
-----------------------------------------
------------------------------------------
| rollout/                |              |
|    ep_len_mean          | 38.5         |
|    ep_rew_mean          | -6.39        |
| time/                   |              |
|    fps                  | 204          |
|    iterations           | 40           |
|    time_elapsed         | 100          |
|    total_timesteps      | 20480        |
| train/                  |              |
|    approx_kl            | 0.0100504365 |
|    clip_fraction        | 0.0693       |
|    clip_range           | 0.2          |
|    entropy_loss         | -1.35        |
|    explained_variance   | 0.835        |
|    learning_rate        | 0.0003       |
|    loss                 | 0.0649       |
|    n_updates            | 390          |
|    policy_gradient_loss | -0.003       |
|    value_loss           | 0.505        |
------------------------------------------

--- Starting Iteration 2/10 ---
---------------------------------
| rollout/           |          |
|    ep_len_mean     | 37.9     |
|    ep_rew_mean     | -6.77    |
| time/              |          |
|    fps             | 994      |
|    iterations      | 1        |
|    time_elapsed    | 0        |
|    total_timesteps | 512      |
---------------------------------
-----------------------------------------
| rollout/                |             |
|    ep_len_mean          | 35.1        |
|    ep_rew_mean          | -6.37       |
| time/                   |             |
|    fps                  | 339         |
|    iterations           | 2           |
|    time_elapsed         | 3           |
|    total_timesteps      | 1024        |
| train/                  |             |
|    approx_kl            | 0.009186519 |
|    clip_fraction        | 0.0777      |
|    clip_range           | 0.2         |
|    entropy_loss         | -1.32       |
|    explained_variance   | 0.514       |
|    learning_rate        | 0.0003      |
|    loss                 | 0.0754      |
|    n_updates            | 410         |
|    policy_gradient_loss | -0.000315   |
|    value_loss           | 1.01        |
-----------------------------------------
------------------------------------------
| rollout/                |              |
|    ep_len_mean          | 35.9         |
|    ep_rew_mean          | -6.63        |
| time/                   |              |
|    fps                  | 278          |
|    iterations           | 3            |
|    time_elapsed         | 5            |
|    total_timesteps      | 1536         |
| train/                  |              |
|    approx_kl            | 0.0037761857 |
|    clip_fraction        | 0.0164       |
|    clip_range           | 0.2          |
|    entropy_loss         | -1.33        |
|    explained_variance   | 0.387        |
|    learning_rate        | 0.0003       |
|    loss                 | 1.04         |
|    n_updates            | 420          |
|    policy_gradient_loss | 0.0013       |
|    value_loss           | 3.06         |
------------------------------------------
-----------------------------------------
| rollout/                |             |
|    ep_len_mean          | 35.8        |
|    ep_rew_mean          | -6.75       |
| time/                   |             |
|    fps                  | 258         |
|    iterations           | 4           |
|    time_elapsed         | 7           |
|    total_timesteps      | 2048        |
| train/                  |             |
|    approx_kl            | 0.013623096 |
|    clip_fraction        | 0.0965      |
|    clip_range           | 0.2         |
|    entropy_loss         | -1.31       |
|    explained_variance   | 0.832       |
|    learning_rate        | 0.0003      |
|    loss                 | 0.0545      |
|    n_updates            | 430         |
|    policy_gradient_loss | -0.00306    |
|    value_loss           | 0.593       |
-----------------------------------------
-----------------------------------------
| rollout/                |             |
|    ep_len_mean          | 36.7        |
|    ep_rew_mean          | -7.3        |
| time/                   |             |
|    fps                  | 249         |
|    iterations           | 5           |
|    time_elapsed         | 10          |
|    total_timesteps      | 2560        |
| train/                  |             |
|    approx_kl            | 0.012922607 |
|    clip_fraction        | 0.106       |
|    clip_range           | 0.2         |
|    entropy_loss         | -1.32       |
|    explained_variance   | 0.628       |
|    learning_rate        | 0.0003      |
|    loss                 | 0.461       |
|    n_updates            | 440         |
|    policy_gradient_loss | -0.000797   |
|    value_loss           | 2.45        |
-----------------------------------------
-----------------------------------------
| rollout/                |             |
|    ep_len_mean          | 36.3        |
|    ep_rew_mean          | -6.97       |
| time/                   |             |
|    fps                  | 240         |
|    iterations           | 6           |
|    time_elapsed         | 12          |
|    total_timesteps      | 3072        |
| train/                  |             |
|    approx_kl            | 0.005416993 |
|    clip_fraction        | 0.0334      |
|    clip_range           | 0.2         |
|    entropy_loss         | -1.29       |
|    explained_variance   | 0.9         |
|    learning_rate        | 0.0003      |
|    loss                 | 0.0661      |
|    n_updates            | 450         |
|    policy_gradient_loss | -0.00578    |
|    value_loss           | 0.451       |
-----------------------------------------
-----------------------------------------
| rollout/                |             |
|    ep_len_mean          | 36.6        |
|    ep_rew_mean          | -7.07       |
| time/                   |             |
|    fps                  | 234         |
|    iterations           | 7           |
|    time_elapsed         | 15          |
|    total_timesteps      | 3584        |
| train/                  |             |
|    approx_kl            | 0.009888572 |
|    clip_fraction        | 0.0805      |
|    clip_range           | 0.2         |
|    entropy_loss         | -1.17       |
|    explained_variance   | 0.206       |
|    learning_rate        | 0.0003      |
|    loss                 | 2.17        |
|    n_updates            | 460         |
|    policy_gradient_loss | 0.0115      |
|    value_loss           | 7.38        |
-----------------------------------------
-----------------------------------------
| rollout/                |             |
|    ep_len_mean          | 36.6        |
|    ep_rew_mean          | -6.92       |
| time/                   |             |
|    fps                  | 230         |
|    iterations           | 8           |
|    time_elapsed         | 17          |
|    total_timesteps      | 4096        |
| train/                  |             |
|    approx_kl            | 0.027747381 |
|    clip_fraction        | 0.175       |
|    clip_range           | 0.2         |
|    entropy_loss         | -1.28       |
|    explained_variance   | 0.552       |
|    learning_rate        | 0.0003      |
|    loss                 | 0.14        |
|    n_updates            | 470         |
|    policy_gradient_loss | -0.00704    |
|    value_loss           | 1.25        |
-----------------------------------------
-----------------------------------------
| rollout/                |             |
|    ep_len_mean          | 36.5        |
|    ep_rew_mean          | -6.67       |
| time/                   |             |
|    fps                  | 227         |
|    iterations           | 9           |
|    time_elapsed         | 20          |
|    total_timesteps      | 4608        |
| train/                  |             |
|    approx_kl            | 0.010708226 |
|    clip_fraction        | 0.0865      |
|    clip_range           | 0.2         |
|    entropy_loss         | -1.3        |
|    explained_variance   | 0.848       |
|    learning_rate        | 0.0003      |
|    loss                 | 0.234       |
|    n_updates            | 480         |
|    policy_gradient_loss | -0.000291   |
|    value_loss           | 1.16        |
-----------------------------------------
-----------------------------------------
| rollout/                |             |
|    ep_len_mean          | 37.1        |
|    ep_rew_mean          | -6.67       |
| time/                   |             |
|    fps                  | 225         |
|    iterations           | 10          |
|    time_elapsed         | 22          |
|    total_timesteps      | 5120        |
| train/                  |             |
|    approx_kl            | 0.015129909 |
|    clip_fraction        | 0.131       |
|    clip_range           | 0.2         |
|    entropy_loss         | -1.28       |
|    explained_variance   | 0.422       |
|    learning_rate        | 0.0003      |
|    loss                 | 1.01        |
|    n_updates            | 490         |
|    policy_gradient_loss | 0.00559     |
|    value_loss           | 2.06        |
-----------------------------------------
-----------------------------------------
| rollout/                |             |
|    ep_len_mean          | 36.2        |
|    ep_rew_mean          | -6.34       |
| time/                   |             |
|    fps                  | 225         |
|    iterations           | 11          |
|    time_elapsed         | 25          |
|    total_timesteps      | 5632        |
| train/                  |             |
|    approx_kl            | 0.004770307 |
|    clip_fraction        | 0.0256      |
|    clip_range           | 0.2         |
|    entropy_loss         | -1.31       |
|    explained_variance   | 0.636       |
|    learning_rate        | 0.0003      |
|    loss                 | 0.127       |
|    n_updates            | 500         |
|    policy_gradient_loss | 0.000667    |
|    value_loss           | 1.11        |
-----------------------------------------
------------------------------------------
| rollout/                |              |
|    ep_len_mean          | 36           |
|    ep_rew_mean          | -5.87        |
| time/                   |              |
|    fps                  | 223          |
|    iterations           | 12           |
|    time_elapsed         | 27           |
|    total_timesteps      | 6144         |
| train/                  |              |
|    approx_kl            | 0.0050817863 |
|    clip_fraction        | 0.015        |
|    clip_range           | 0.2          |
|    entropy_loss         | -1.32        |
|    explained_variance   | 0.535        |
|    learning_rate        | 0.0003       |
|    loss                 | 0.156        |
|    n_updates            | 510          |
|    policy_gradient_loss | 0.00112      |
|    value_loss           | 1.87         |
------------------------------------------
----------------------------------------
| rollout/                |            |
|    ep_len_mean          | 36.5       |
|    ep_rew_mean          | -6.12      |
| time/                   |            |
|    fps                  | 222        |
|    iterations           | 13         |
|    time_elapsed         | 29         |
|    total_timesteps      | 6656       |
| train/                  |            |
|    approx_kl            | 0.01491251 |
|    clip_fraction        | 0.0977     |
|    clip_range           | 0.2        |
|    entropy_loss         | -1.31      |
|    explained_variance   | 0.469      |
|    learning_rate        | 0.0003     |
|    loss                 | 1.12       |
|    n_updates            | 520        |
|    policy_gradient_loss | 0.00294    |
|    value_loss           | 4.02       |
----------------------------------------
------------------------------------------
| rollout/                |              |
|    ep_len_mean          | 36.4         |
|    ep_rew_mean          | -5.99        |
| time/                   |              |
|    fps                  | 221          |
|    iterations           | 14           |
|    time_elapsed         | 32           |
|    total_timesteps      | 7168         |
| train/                  |              |
|    approx_kl            | 0.0128272455 |
|    clip_fraction        | 0.0563       |
|    clip_range           | 0.2          |
|    entropy_loss         | -1.36        |
|    explained_variance   | 0.859        |
|    learning_rate        | 0.0003       |
|    loss                 | 0.103        |
|    n_updates            | 530          |
|    policy_gradient_loss | -0.00566     |
|    value_loss           | 0.856        |
------------------------------------------
-----------------------------------------
| rollout/                |             |
|    ep_len_mean          | 36.3        |
|    ep_rew_mean          | -5.8        |
| time/                   |             |
|    fps                  | 219         |
|    iterations           | 15          |
|    time_elapsed         | 34          |
|    total_timesteps      | 7680        |
| train/                  |             |
|    approx_kl            | 0.019191774 |
|    clip_fraction        | 0.18        |
|    clip_range           | 0.2         |
|    entropy_loss         | -1.37       |
|    explained_variance   | 0.586       |
|    learning_rate        | 0.0003      |
|    loss                 | 0.11        |
|    n_updates            | 540         |
|    policy_gradient_loss | -0.0119     |
|    value_loss           | 0.973       |
-----------------------------------------
-----------------------------------------
| rollout/                |             |
|    ep_len_mean          | 36.2        |
|    ep_rew_mean          | -5.85       |
| time/                   |             |
|    fps                  | 219         |
|    iterations           | 16          |
|    time_elapsed         | 37          |
|    total_timesteps      | 8192        |
| train/                  |             |
|    approx_kl            | 0.009488057 |
|    clip_fraction        | 0.0949      |
|    clip_range           | 0.2         |
|    entropy_loss         | -1.36       |
|    explained_variance   | 0.732       |
|    learning_rate        | 0.0003      |
|    loss                 | 0.104       |
|    n_updates            | 550         |
|    policy_gradient_loss | -0.00591    |
|    value_loss           | 0.689       |
-----------------------------------------
-----------------------------------------
| rollout/                |             |
|    ep_len_mean          | 36.2        |
|    ep_rew_mean          | -5.76       |
| time/                   |             |
|    fps                  | 219         |
|    iterations           | 17          |
|    time_elapsed         | 39          |
|    total_timesteps      | 8704        |
| train/                  |             |
|    approx_kl            | 0.006543636 |
|    clip_fraction        | 0.0285      |
|    clip_range           | 0.2         |
|    entropy_loss         | -1.36       |
|    explained_variance   | 0.825       |
|    learning_rate        | 0.0003      |
|    loss                 | 0.216       |
|    n_updates            | 560         |
|    policy_gradient_loss | -0.00445    |
|    value_loss           | 1.16        |
-----------------------------------------
-----------------------------------------
| rollout/                |             |
|    ep_len_mean          | 36.6        |
|    ep_rew_mean          | -5.85       |
| time/                   |             |
|    fps                  | 219         |
|    iterations           | 18          |
|    time_elapsed         | 42          |
|    total_timesteps      | 9216        |
| train/                  |             |
|    approx_kl            | 0.011194516 |
|    clip_fraction        | 0.107       |
|    clip_range           | 0.2         |
|    entropy_loss         | -1.37       |
|    explained_variance   | 0.849       |
|    learning_rate        | 0.0003      |
|    loss                 | 0.179       |
|    n_updates            | 570         |
|    policy_gradient_loss | -0.00238    |
|    value_loss           | 1.52        |
-----------------------------------------
------------------------------------------
| rollout/                |              |
|    ep_len_mean          | 37.4         |
|    ep_rew_mean          | -6.24        |
| time/                   |              |
|    fps                  | 218          |
|    iterations           | 19           |
|    time_elapsed         | 44           |
|    total_timesteps      | 9728         |
| train/                  |              |
|    approx_kl            | 0.0092768185 |
|    clip_fraction        | 0.0619       |
|    clip_range           | 0.2          |
|    entropy_loss         | -1.36        |
|    explained_variance   | 0.648        |
|    learning_rate        | 0.0003       |
|    loss                 | 0.0885       |
|    n_updates            | 580          |
|    policy_gradient_loss | -0.00286     |
|    value_loss           | 1            |
------------------------------------------
-----------------------------------------
| rollout/                |             |
|    ep_len_mean          | 37.9        |
|    ep_rew_mean          | -6.1        |
| time/                   |             |
|    fps                  | 217         |
|    iterations           | 20          |
|    time_elapsed         | 47          |
|    total_timesteps      | 10240       |
| train/                  |             |
|    approx_kl            | 0.008144426 |
|    clip_fraction        | 0.024       |
|    clip_range           | 0.2         |
|    entropy_loss         | -1.35       |
|    explained_variance   | 0.537       |
|    learning_rate        | 0.0003      |
|    loss                 | 0.449       |
|    n_updates            | 590         |
|    policy_gradient_loss | -0.00281    |
|    value_loss           | 1.56        |
-----------------------------------------
-----------------------------------------
| rollout/                |             |
|    ep_len_mean          | 37.4        |
|    ep_rew_mean          | -5.94       |
| time/                   |             |
|    fps                  | 217         |
|    iterations           | 21          |
|    time_elapsed         | 49          |
|    total_timesteps      | 10752       |
| train/                  |             |
|    approx_kl            | 0.020818856 |
|    clip_fraction        | 0.259       |
|    clip_range           | 0.2         |
|    entropy_loss         | -1.33       |
|    explained_variance   | 0.179       |
|    learning_rate        | 0.0003      |
|    loss                 | 0.459       |
|    n_updates            | 600         |
|    policy_gradient_loss | -0.00651    |
|    value_loss           | 1.83        |
-----------------------------------------
-----------------------------------------
| rollout/                |             |
|    ep_len_mean          | 36.9        |
|    ep_rew_mean          | -5.64       |
| time/                   |             |
|    fps                  | 217         |
|    iterations           | 22          |
|    time_elapsed         | 51          |
|    total_timesteps      | 11264       |
| train/                  |             |
|    approx_kl            | 0.009569675 |
|    clip_fraction        | 0.0607      |
|    clip_range           | 0.2         |
|    entropy_loss         | -1.31       |
|    explained_variance   | 0.191       |
|    learning_rate        | 0.0003      |
|    loss                 | 0.11        |
|    n_updates            | 610         |
|    policy_gradient_loss | 0.00687     |
|    value_loss           | 2.06        |
-----------------------------------------
---------------------------------------
| rollout/                |           |
|    ep_len_mean          | 37.1      |
|    ep_rew_mean          | -5.72     |
| time/                   |           |
|    fps                  | 216       |
|    iterations           | 23        |
|    time_elapsed         | 54        |
|    total_timesteps      | 11776     |
| train/                  |           |
|    approx_kl            | 0.0194688 |
|    clip_fraction        | 0.221     |
|    clip_range           | 0.2       |
|    entropy_loss         | -1.31     |
|    explained_variance   | 0.442     |
|    learning_rate        | 0.0003    |
|    loss                 | 0.389     |
|    n_updates            | 620       |
|    policy_gradient_loss | -0.00428  |
|    value_loss           | 2.37      |
---------------------------------------
----------------------------------------
| rollout/                |            |
|    ep_len_mean          | 36.1       |
|    ep_rew_mean          | -5.4       |
| time/                   |            |
|    fps                  | 215        |
|    iterations           | 24         |
|    time_elapsed         | 57         |
|    total_timesteps      | 12288      |
| train/                  |            |
|    approx_kl            | 0.01515129 |
|    clip_fraction        | 0.191      |
|    clip_range           | 0.2        |
|    entropy_loss         | -1.3       |
|    explained_variance   | 0.533      |
|    learning_rate        | 0.0003     |
|    loss                 | 0.173      |
|    n_updates            | 630        |
|    policy_gradient_loss | -0.0126    |
|    value_loss           | 1.38       |
----------------------------------------
-----------------------------------------
| rollout/                |             |
|    ep_len_mean          | 36.2        |
|    ep_rew_mean          | -5.49       |
| time/                   |             |
|    fps                  | 215         |
|    iterations           | 25          |
|    time_elapsed         | 59          |
|    total_timesteps      | 12800       |
| train/                  |             |
|    approx_kl            | 0.014161193 |
|    clip_fraction        | 0.224       |
|    clip_range           | 0.2         |
|    entropy_loss         | -1.3        |
|    explained_variance   | 0.57        |
|    learning_rate        | 0.0003      |
|    loss                 | 0.306       |
|    n_updates            | 640         |
|    policy_gradient_loss | -0.0134     |
|    value_loss           | 1.46        |
-----------------------------------------
-----------------------------------------
| rollout/                |             |
|    ep_len_mean          | 36.6        |
|    ep_rew_mean          | -5.64       |
| time/                   |             |
|    fps                  | 214         |
|    iterations           | 26          |
|    time_elapsed         | 61          |
|    total_timesteps      | 13312       |
| train/                  |             |
|    approx_kl            | 0.009979887 |
|    clip_fraction        | 0.109       |
|    clip_range           | 0.2         |
|    entropy_loss         | -1.29       |
|    explained_variance   | 0.663       |
|    learning_rate        | 0.0003      |
|    loss                 | 0.171       |
|    n_updates            | 650         |
|    policy_gradient_loss | -0.00772    |
|    value_loss           | 1.65        |
-----------------------------------------
-----------------------------------------
| rollout/                |             |
|    ep_len_mean          | 35.9        |
|    ep_rew_mean          | -5.42       |
| time/                   |             |
|    fps                  | 214         |
|    iterations           | 27          |
|    time_elapsed         | 64          |
|    total_timesteps      | 13824       |
| train/                  |             |
|    approx_kl            | 0.005740314 |
|    clip_fraction        | 0.0408      |
|    clip_range           | 0.2         |
|    entropy_loss         | -1.3        |
|    explained_variance   | 0.796       |
|    learning_rate        | 0.0003      |
|    loss                 | 0.271       |
|    n_updates            | 660         |
|    policy_gradient_loss | -0.0137     |
|    value_loss           | 0.836       |
-----------------------------------------
-----------------------------------------
| rollout/                |             |
|    ep_len_mean          | 35.8        |
|    ep_rew_mean          | -5.32       |
| time/                   |             |
|    fps                  | 214         |
|    iterations           | 28          |
|    time_elapsed         | 66          |
|    total_timesteps      | 14336       |
| train/                  |             |
|    approx_kl            | 0.010673677 |
|    clip_fraction        | 0.0986      |
|    clip_range           | 0.2         |
|    entropy_loss         | -1.31       |
|    explained_variance   | 0.812       |
|    learning_rate        | 0.0003      |
|    loss                 | 0.0905      |
|    n_updates            | 670         |
|    policy_gradient_loss | -0.00761    |
|    value_loss           | 0.525       |
-----------------------------------------
-----------------------------------------
| rollout/                |             |
|    ep_len_mean          | 35.2        |
|    ep_rew_mean          | -5.35       |
| time/                   |             |
|    fps                  | 214         |
|    iterations           | 29          |
|    time_elapsed         | 69          |
|    total_timesteps      | 14848       |
| train/                  |             |
|    approx_kl            | 0.010289956 |
|    clip_fraction        | 0.0896      |
|    clip_range           | 0.2         |
|    entropy_loss         | -1.28       |
|    explained_variance   | 0.773       |
|    learning_rate        | 0.0003      |
|    loss                 | 0.326       |
|    n_updates            | 680         |
|    policy_gradient_loss | -0.00736    |
|    value_loss           | 1.5         |
-----------------------------------------
-----------------------------------------
| rollout/                |             |
|    ep_len_mean          | 35.3        |
|    ep_rew_mean          | -5.48       |
| time/                   |             |
|    fps                  | 213         |
|    iterations           | 30          |
|    time_elapsed         | 71          |
|    total_timesteps      | 15360       |
| train/                  |             |
|    approx_kl            | 0.005361435 |
|    clip_fraction        | 0.0451      |
|    clip_range           | 0.2         |
|    entropy_loss         | -1.26       |
|    explained_variance   | 0.486       |
|    learning_rate        | 0.0003      |
|    loss                 | 1.35        |
|    n_updates            | 690         |
|    policy_gradient_loss | -0.00838    |
|    value_loss           | 2.44        |
-----------------------------------------
-----------------------------------------
| rollout/                |             |
|    ep_len_mean          | 35.5        |
|    ep_rew_mean          | -5.45       |
| time/                   |             |
|    fps                  | 213         |
|    iterations           | 31          |
|    time_elapsed         | 74          |
|    total_timesteps      | 15872       |
| train/                  |             |
|    approx_kl            | 0.015668873 |
|    clip_fraction        | 0.127       |
|    clip_range           | 0.2         |
|    entropy_loss         | -1.3        |
|    explained_variance   | 0.514       |
|    learning_rate        | 0.0003      |
|    loss                 | 0.408       |
|    n_updates            | 700         |
|    policy_gradient_loss | -0.00785    |
|    value_loss           | 1.41        |
-----------------------------------------
-----------------------------------------
| rollout/                |             |
|    ep_len_mean          | 35.8        |
|    ep_rew_mean          | -5.36       |
| time/                   |             |
|    fps                  | 213         |
|    iterations           | 32          |
|    time_elapsed         | 76          |
|    total_timesteps      | 16384       |
| train/                  |             |
|    approx_kl            | 0.007439641 |
|    clip_fraction        | 0.0482      |
|    clip_range           | 0.2         |
|    entropy_loss         | -1.3        |
|    explained_variance   | 0.76        |
|    learning_rate        | 0.0003      |
|    loss                 | 0.195       |
|    n_updates            | 710         |
|    policy_gradient_loss | -0.0107     |
|    value_loss           | 1           |
-----------------------------------------
------------------------------------------
| rollout/                |              |
|    ep_len_mean          | 36           |
|    ep_rew_mean          | -5.34        |
| time/                   |              |
|    fps                  | 212          |
|    iterations           | 33           |
|    time_elapsed         | 79           |
|    total_timesteps      | 16896        |
| train/                  |              |
|    approx_kl            | 0.0125880875 |
|    clip_fraction        | 0.111        |
|    clip_range           | 0.2          |
|    entropy_loss         | -1.33        |
|    explained_variance   | 0.906        |
|    learning_rate        | 0.0003       |
|    loss                 | 0.0137       |
|    n_updates            | 720          |
|    policy_gradient_loss | -0.0169      |
|    value_loss           | 0.502        |
------------------------------------------
-----------------------------------------
| rollout/                |             |
|    ep_len_mean          | 36          |
|    ep_rew_mean          | -5.34       |
| time/                   |             |
|    fps                  | 212         |
|    iterations           | 34          |
|    time_elapsed         | 81          |
|    total_timesteps      | 17408       |
| train/                  |             |
|    approx_kl            | 0.012977662 |
|    clip_fraction        | 0.154       |
|    clip_range           | 0.2         |
|    entropy_loss         | -1.35       |
|    explained_variance   | 0.699       |
|    learning_rate        | 0.0003      |
|    loss                 | 0.095       |
|    n_updates            | 730         |
|    policy_gradient_loss | -0.0105     |
|    value_loss           | 0.813       |
-----------------------------------------
-----------------------------------------
| rollout/                |             |
|    ep_len_mean          | 35.6        |
|    ep_rew_mean          | -5.1        |
| time/                   |             |
|    fps                  | 212         |
|    iterations           | 35          |
|    time_elapsed         | 84          |
|    total_timesteps      | 17920       |
| train/                  |             |
|    approx_kl            | 0.009918375 |
|    clip_fraction        | 0.102       |
|    clip_range           | 0.2         |
|    entropy_loss         | -1.33       |
|    explained_variance   | 0.805       |
|    learning_rate        | 0.0003      |
|    loss                 | 0.0226      |
|    n_updates            | 740         |
|    policy_gradient_loss | -0.0235     |
|    value_loss           | 0.399       |
-----------------------------------------
-----------------------------------------
| rollout/                |             |
|    ep_len_mean          | 35.8        |
|    ep_rew_mean          | -5.1        |
| time/                   |             |
|    fps                  | 212         |
|    iterations           | 36          |
|    time_elapsed         | 86          |
|    total_timesteps      | 18432       |
| train/                  |             |
|    approx_kl            | 0.010387844 |
|    clip_fraction        | 0.09        |
|    clip_range           | 0.2         |
|    entropy_loss         | -1.32       |
|    explained_variance   | 0.673       |
|    learning_rate        | 0.0003      |
|    loss                 | 0.802       |
|    n_updates            | 750         |
|    policy_gradient_loss | -0.00328    |
|    value_loss           | 2.27        |
-----------------------------------------
-----------------------------------------
| rollout/                |             |
|    ep_len_mean          | 36.8        |
|    ep_rew_mean          | -5.16       |
| time/                   |             |
|    fps                  | 212         |
|    iterations           | 37          |
|    time_elapsed         | 89          |
|    total_timesteps      | 18944       |
| train/                  |             |
|    approx_kl            | 0.016230997 |
|    clip_fraction        | 0.187       |
|    clip_range           | 0.2         |
|    entropy_loss         | -1.34       |
|    explained_variance   | 0.615       |
|    learning_rate        | 0.0003      |
|    loss                 | 0.281       |
|    n_updates            | 760         |
|    policy_gradient_loss | -0.0136     |
|    value_loss           | 2.14        |
-----------------------------------------
-----------------------------------------
| rollout/                |             |
|    ep_len_mean          | 36.9        |
|    ep_rew_mean          | -5.03       |
| time/                   |             |
|    fps                  | 212         |
|    iterations           | 38          |
|    time_elapsed         | 91          |
|    total_timesteps      | 19456       |
| train/                  |             |
|    approx_kl            | 0.009450744 |
|    clip_fraction        | 0.076       |
|    clip_range           | 0.2         |
|    entropy_loss         | -1.32       |
|    explained_variance   | 0.789       |
|    learning_rate        | 0.0003      |
|    loss                 | 0.0686      |
|    n_updates            | 770         |
|    policy_gradient_loss | -0.0132     |
|    value_loss           | 0.48        |
-----------------------------------------
------------------------------------------
| rollout/                |              |
|    ep_len_mean          | 36.7         |
|    ep_rew_mean          | -5.07        |
| time/                   |              |
|    fps                  | 212          |
|    iterations           | 39           |
|    time_elapsed         | 93           |
|    total_timesteps      | 19968        |
| train/                  |              |
|    approx_kl            | 0.0101608485 |
|    clip_fraction        | 0.128        |
|    clip_range           | 0.2          |
|    entropy_loss         | -1.33        |
|    explained_variance   | 0.819        |
|    learning_rate        | 0.0003       |
|    loss                 | 0.141        |
|    n_updates            | 780          |
|    policy_gradient_loss | -0.0148      |
|    value_loss           | 0.753        |
------------------------------------------
-----------------------------------------
| rollout/                |             |
|    ep_len_mean          | 36.3        |
|    ep_rew_mean          | -4.85       |
| time/                   |             |
|    fps                  | 212         |
|    iterations           | 40          |
|    time_elapsed         | 96          |
|    total_timesteps      | 20480       |
| train/                  |             |
|    approx_kl            | 0.012227818 |
|    clip_fraction        | 0.0805      |
|    clip_range           | 0.2         |
|    entropy_loss         | -1.26       |
|    explained_variance   | 0.909       |
|    learning_rate        | 0.0003      |
|    loss                 | 0.157       |
|    n_updates            | 790         |
|    policy_gradient_loss | -0.0111     |
|    value_loss           | 1.49        |
-----------------------------------------

--- Starting Iteration 3/10 ---
---------------------------------
| rollout/           |          |
|    ep_len_mean     | 37.2     |
|    ep_rew_mean     | -4.76    |
| time/              |          |
|    fps             | 865      |
|    iterations      | 1        |
|    time_elapsed    | 0        |
|    total_timesteps | 512      |
---------------------------------
-----------------------------------------
| rollout/                |             |
|    ep_len_mean          | 35.7        |
|    ep_rew_mean          | -3.92       |
| time/                   |             |
|    fps                  | 330         |
|    iterations           | 2           |
|    time_elapsed         | 3           |
|    total_timesteps      | 1024        |
| train/                  |             |
|    approx_kl            | 0.017278012 |
|    clip_fraction        | 0.18        |
|    clip_range           | 0.2         |
|    entropy_loss         | -1.31       |
|    explained_variance   | 0.733       |
|    learning_rate        | 0.0003      |
|    loss                 | 0.187       |
|    n_updates            | 810         |
|    policy_gradient_loss | -0.00835    |
|    value_loss           | 0.933       |
-----------------------------------------
-----------------------------------------
| rollout/                |             |
|    ep_len_mean          | 31.7        |
|    ep_rew_mean          | -2.77       |
| time/                   |             |
|    fps                  | 272         |
|    iterations           | 3           |
|    time_elapsed         | 5           |
|    total_timesteps      | 1536        |
| train/                  |             |
|    approx_kl            | 0.010946903 |
|    clip_fraction        | 0.104       |
|    clip_range           | 0.2         |
|    entropy_loss         | -1.3        |
|    explained_variance   | 0.477       |
|    learning_rate        | 0.0003      |
|    loss                 | 0.351       |
|    n_updates            | 820         |
|    policy_gradient_loss | -0.00929    |
|    value_loss           | 1.91        |
-----------------------------------------
-----------------------------------------
| rollout/                |             |
|    ep_len_mean          | 30.7        |
|    ep_rew_mean          | -2.32       |
| time/                   |             |
|    fps                  | 251         |
|    iterations           | 4           |
|    time_elapsed         | 8           |
|    total_timesteps      | 2048        |
| train/                  |             |
|    approx_kl            | 0.021127352 |
|    clip_fraction        | 0.192       |
|    clip_range           | 0.2         |
|    entropy_loss         | -1.29       |
|    explained_variance   | 0.103       |
|    learning_rate        | 0.0003      |
|    loss                 | 0.151       |
|    n_updates            | 830         |
|    policy_gradient_loss | -0.0134     |
|    value_loss           | 2.39        |
-----------------------------------------
-----------------------------------------
| rollout/                |             |
|    ep_len_mean          | 30.8        |
|    ep_rew_mean          | -2.59       |
| time/                   |             |
|    fps                  | 241         |
|    iterations           | 5           |
|    time_elapsed         | 10          |
|    total_timesteps      | 2560        |
| train/                  |             |
|    approx_kl            | 0.012099224 |
|    clip_fraction        | 0.125       |
|    clip_range           | 0.2         |
|    entropy_loss         | -1.31       |
|    explained_variance   | 0.0229      |
|    learning_rate        | 0.0003      |
|    loss                 | 0.263       |
|    n_updates            | 840         |
|    policy_gradient_loss | -0.00404    |
|    value_loss           | 2.14        |
-----------------------------------------
-----------------------------------------
| rollout/                |             |
|    ep_len_mean          | 30.8        |
|    ep_rew_mean          | -2.55       |
| time/                   |             |
|    fps                  | 235         |
|    iterations           | 6           |
|    time_elapsed         | 13          |
|    total_timesteps      | 3072        |
| train/                  |             |
|    approx_kl            | 0.013426184 |
|    clip_fraction        | 0.122       |
|    clip_range           | 0.2         |
|    entropy_loss         | -1.29       |
|    explained_variance   | 0.236       |
|    learning_rate        | 0.0003      |
|    loss                 | 0.196       |
|    n_updates            | 850         |
|    policy_gradient_loss | -0.0156     |
|    value_loss           | 1.57        |
-----------------------------------------
-----------------------------------------
| rollout/                |             |
|    ep_len_mean          | 31          |
|    ep_rew_mean          | -2.6        |
| time/                   |             |
|    fps                  | 232         |
|    iterations           | 7           |
|    time_elapsed         | 15          |
|    total_timesteps      | 3584        |
| train/                  |             |
|    approx_kl            | 0.010463806 |
|    clip_fraction        | 0.113       |
|    clip_range           | 0.2         |
|    entropy_loss         | -1.32       |
|    explained_variance   | 0.723       |
|    learning_rate        | 0.0003      |
|    loss                 | 0.135       |
|    n_updates            | 860         |
|    policy_gradient_loss | -0.00682    |
|    value_loss           | 0.851       |
-----------------------------------------
-----------------------------------------
| rollout/                |             |
|    ep_len_mean          | 30.9        |
|    ep_rew_mean          | -2.78       |
| time/                   |             |
|    fps                  | 228         |
|    iterations           | 8           |
|    time_elapsed         | 17          |
|    total_timesteps      | 4096        |
| train/                  |             |
|    approx_kl            | 0.015843416 |
|    clip_fraction        | 0.0771      |
|    clip_range           | 0.2         |
|    entropy_loss         | -1.33       |
|    explained_variance   | 0.378       |
|    learning_rate        | 0.0003      |
|    loss                 | 0.111       |
|    n_updates            | 870         |
|    policy_gradient_loss | -0.00729    |
|    value_loss           | 1.33        |
-----------------------------------------
-----------------------------------------
| rollout/                |             |
|    ep_len_mean          | 31          |
|    ep_rew_mean          | -2.83       |
| time/                   |             |
|    fps                  | 225         |
|    iterations           | 9           |
|    time_elapsed         | 20          |
|    total_timesteps      | 4608        |
| train/                  |             |
|    approx_kl            | 0.017444989 |
|    clip_fraction        | 0.208       |
|    clip_range           | 0.2         |
|    entropy_loss         | -1.25       |
|    explained_variance   | 0.568       |
|    learning_rate        | 0.0003      |
|    loss                 | 0.201       |
|    n_updates            | 880         |
|    policy_gradient_loss | -0.011      |
|    value_loss           | 1.34        |
-----------------------------------------
-----------------------------------------
| rollout/                |             |
|    ep_len_mean          | 32.3        |
|    ep_rew_mean          | -3.35       |
| time/                   |             |
|    fps                  | 223         |
|    iterations           | 10          |
|    time_elapsed         | 22          |
|    total_timesteps      | 5120        |
| train/                  |             |
|    approx_kl            | 0.019312441 |
|    clip_fraction        | 0.176       |
|    clip_range           | 0.2         |
|    entropy_loss         | -1.29       |
|    explained_variance   | 0.573       |
|    learning_rate        | 0.0003      |
|    loss                 | 0.155       |
|    n_updates            | 890         |
|    policy_gradient_loss | -0.0135     |
|    value_loss           | 1.48        |
-----------------------------------------
-----------------------------------------
| rollout/                |             |
|    ep_len_mean          | 31.4        |
|    ep_rew_mean          | -3.13       |
| time/                   |             |
|    fps                  | 221         |
|    iterations           | 11          |
|    time_elapsed         | 25          |
|    total_timesteps      | 5632        |
| train/                  |             |
|    approx_kl            | 0.015154278 |
|    clip_fraction        | 0.132       |
|    clip_range           | 0.2         |
|    entropy_loss         | -1.29       |
|    explained_variance   | 0.765       |
|    learning_rate        | 0.0003      |
|    loss                 | 0.0855      |
|    n_updates            | 900         |
|    policy_gradient_loss | -0.0159     |
|    value_loss           | 0.687       |
-----------------------------------------
-----------------------------------------
| rollout/                |             |
|    ep_len_mean          | 31          |
|    ep_rew_mean          | -3.19       |
| time/                   |             |
|    fps                  | 220         |
|    iterations           | 12          |
|    time_elapsed         | 27          |
|    total_timesteps      | 6144        |
| train/                  |             |
|    approx_kl            | 0.016098596 |
|    clip_fraction        | 0.22        |
|    clip_range           | 0.2         |
|    entropy_loss         | -1.26       |
|    explained_variance   | 0.471       |
|    learning_rate        | 0.0003      |
|    loss                 | 0.197       |
|    n_updates            | 910         |
|    policy_gradient_loss | -0.00885    |
|    value_loss           | 1.3         |
-----------------------------------------
-----------------------------------------
| rollout/                |             |
|    ep_len_mean          | 30          |
|    ep_rew_mean          | -2.69       |
| time/                   |             |
|    fps                  | 219         |
|    iterations           | 13          |
|    time_elapsed         | 30          |
|    total_timesteps      | 6656        |
| train/                  |             |
|    approx_kl            | 0.018880822 |
|    clip_fraction        | 0.201       |
|    clip_range           | 0.2         |
|    entropy_loss         | -1.23       |
|    explained_variance   | 0.494       |
|    learning_rate        | 0.0003      |
|    loss                 | 0.562       |
|    n_updates            | 920         |
|    policy_gradient_loss | -0.00117    |
|    value_loss           | 2.33        |
-----------------------------------------
--------------------------------------
| rollout/                |          |
|    ep_len_mean          | 29.6     |
|    ep_rew_mean          | -2.4     |
| time/                   |          |
|    fps                  | 218      |
|    iterations           | 14       |
|    time_elapsed         | 32       |
|    total_timesteps      | 7168     |
| train/                  |          |
|    approx_kl            | 0.023708 |
|    clip_fraction        | 0.223    |
|    clip_range           | 0.2      |
|    entropy_loss         | -1.24    |
|    explained_variance   | 0.386    |
|    learning_rate        | 0.0003   |
|    loss                 | 0.171    |
|    n_updates            | 930      |
|    policy_gradient_loss | -0.0143  |
|    value_loss           | 1.45     |
--------------------------------------
-----------------------------------------
| rollout/                |             |
|    ep_len_mean          | 29.5        |
|    ep_rew_mean          | -2.1        |
| time/                   |             |
|    fps                  | 218         |
|    iterations           | 15          |
|    time_elapsed         | 35          |
|    total_timesteps      | 7680        |
| train/                  |             |
|    approx_kl            | 0.022668574 |
|    clip_fraction        | 0.234       |
|    clip_range           | 0.2         |
|    entropy_loss         | -1.2        |
|    explained_variance   | 0.215       |
|    learning_rate        | 0.0003      |
|    loss                 | 0.0529      |
|    n_updates            | 940         |
|    policy_gradient_loss | -0.0183     |
|    value_loss           | 0.962       |
-----------------------------------------
----------------------------------------
| rollout/                |            |
|    ep_len_mean          | 28.6       |
|    ep_rew_mean          | -1.9       |
| time/                   |            |
|    fps                  | 218        |
|    iterations           | 16         |
|    time_elapsed         | 37         |
|    total_timesteps      | 8192       |
| train/                  |            |
|    approx_kl            | 0.02095629 |
|    clip_fraction        | 0.195      |
|    clip_range           | 0.2        |
|    entropy_loss         | -1.24      |
|    explained_variance   | 0.0836     |
|    learning_rate        | 0.0003     |
|    loss                 | 0.375      |
|    n_updates            | 950        |
|    policy_gradient_loss | -0.0163    |
|    value_loss           | 1.22       |
----------------------------------------
-----------------------------------------
| rollout/                |             |
|    ep_len_mean          | 28.7        |
|    ep_rew_mean          | -1.6        |
| time/                   |             |
|    fps                  | 217         |
|    iterations           | 17          |
|    time_elapsed         | 40          |
|    total_timesteps      | 8704        |
| train/                  |             |
|    approx_kl            | 0.026985528 |
|    clip_fraction        | 0.312       |
|    clip_range           | 0.2         |
|    entropy_loss         | -1.26       |
|    explained_variance   | -0.397      |
|    learning_rate        | 0.0003      |
|    loss                 | 0.192       |
|    n_updates            | 960         |
|    policy_gradient_loss | -0.000801   |
|    value_loss           | 1.26        |
-----------------------------------------
-----------------------------------------
| rollout/                |             |
|    ep_len_mean          | 28          |
|    ep_rew_mean          | -1.43       |
| time/                   |             |
|    fps                  | 216         |
|    iterations           | 18          |
|    time_elapsed         | 42          |
|    total_timesteps      | 9216        |
| train/                  |             |
|    approx_kl            | 0.017598107 |
|    clip_fraction        | 0.219       |
|    clip_range           | 0.2         |
|    entropy_loss         | -1.25       |
|    explained_variance   | 0.28        |
|    learning_rate        | 0.0003      |
|    loss                 | 0.271       |
|    n_updates            | 970         |
|    policy_gradient_loss | -0.0136     |
|    value_loss           | 1.46        |
-----------------------------------------
-----------------------------------------
| rollout/                |             |
|    ep_len_mean          | 27.4        |
|    ep_rew_mean          | -1.59       |
| time/                   |             |
|    fps                  | 216         |
|    iterations           | 19          |
|    time_elapsed         | 44          |
|    total_timesteps      | 9728        |
| train/                  |             |
|    approx_kl            | 0.023277806 |
|    clip_fraction        | 0.19        |
|    clip_range           | 0.2         |
|    entropy_loss         | -1.27       |
|    explained_variance   | 0.741       |
|    learning_rate        | 0.0003      |
|    loss                 | 0.226       |
|    n_updates            | 980         |
|    policy_gradient_loss | -0.0287     |
|    value_loss           | 0.995       |
-----------------------------------------
-----------------------------------------
| rollout/                |             |
|    ep_len_mean          | 27.5        |
|    ep_rew_mean          | -1.43       |
| time/                   |             |
|    fps                  | 216         |
|    iterations           | 20          |
|    time_elapsed         | 47          |
|    total_timesteps      | 10240       |
| train/                  |             |
|    approx_kl            | 0.022028964 |
|    clip_fraction        | 0.194       |
|    clip_range           | 0.2         |
|    entropy_loss         | -1.26       |
|    explained_variance   | -0.0491     |
|    learning_rate        | 0.0003      |
|    loss                 | 0.595       |
|    n_updates            | 990         |
|    policy_gradient_loss | -0.0298     |
|    value_loss           | 1.67        |
-----------------------------------------
-----------------------------------------
| rollout/                |             |
|    ep_len_mean          | 25.4        |
|    ep_rew_mean          | -0.737      |
| time/                   |             |
|    fps                  | 215         |
|    iterations           | 21          |
|    time_elapsed         | 49          |
|    total_timesteps      | 10752       |
| train/                  |             |
|    approx_kl            | 0.020686937 |
|    clip_fraction        | 0.252       |
|    clip_range           | 0.2         |
|    entropy_loss         | -1.2        |
|    explained_variance   | 0.267       |
|    learning_rate        | 0.0003      |
|    loss                 | 0.177       |
|    n_updates            | 1000        |
|    policy_gradient_loss | -0.0316     |
|    value_loss           | 0.722       |
-----------------------------------------
-----------------------------------------
| rollout/                |             |
|    ep_len_mean          | 23.9        |
|    ep_rew_mean          | -0.244      |
| time/                   |             |
|    fps                  | 215         |
|    iterations           | 22          |
|    time_elapsed         | 52          |
|    total_timesteps      | 11264       |
| train/                  |             |
|    approx_kl            | 0.025569677 |
|    clip_fraction        | 0.238       |
|    clip_range           | 0.2         |
|    entropy_loss         | -1.24       |
|    explained_variance   | 0.0854      |
|    learning_rate        | 0.0003      |
|    loss                 | 0.152       |
|    n_updates            | 1010        |
|    policy_gradient_loss | -0.0217     |
|    value_loss           | 0.935       |
-----------------------------------------
----------------------------------------
| rollout/                |            |
|    ep_len_mean          | 23.6       |
|    ep_rew_mean          | 0.137      |
| time/                   |            |
|    fps                  | 215        |
|    iterations           | 23         |
|    time_elapsed         | 54         |
|    total_timesteps      | 11776      |
| train/                  |            |
|    approx_kl            | 0.03639344 |
|    clip_fraction        | 0.308      |
|    clip_range           | 0.2        |
|    entropy_loss         | -1.15      |
|    explained_variance   | 0.523      |
|    learning_rate        | 0.0003     |
|    loss                 | 0.0433     |
|    n_updates            | 1020       |
|    policy_gradient_loss | -0.0301    |
|    value_loss           | 0.8        |
----------------------------------------
----------------------------------------
| rollout/                |            |
|    ep_len_mean          | 23.7       |
|    ep_rew_mean          | 0.171      |
| time/                   |            |
|    fps                  | 214        |
|    iterations           | 24         |
|    time_elapsed         | 57         |
|    total_timesteps      | 12288      |
| train/                  |            |
|    approx_kl            | 0.02256906 |
|    clip_fraction        | 0.208      |
|    clip_range           | 0.2        |
|    entropy_loss         | -1.19      |
|    explained_variance   | 0.308      |
|    learning_rate        | 0.0003     |
|    loss                 | 0.0805     |
|    n_updates            | 1030       |
|    policy_gradient_loss | -0.0296    |
|    value_loss           | 1.01       |
----------------------------------------
----------------------------------------
| rollout/                |            |
|    ep_len_mean          | 22.1       |
|    ep_rew_mean          | 0.654      |
| time/                   |            |
|    fps                  | 214        |
|    iterations           | 25         |
|    time_elapsed         | 59         |
|    total_timesteps      | 12800      |
| train/                  |            |
|    approx_kl            | 0.01881294 |
|    clip_fraction        | 0.258      |
|    clip_range           | 0.2        |
|    entropy_loss         | -1.14      |
|    explained_variance   | 0.349      |
|    learning_rate        | 0.0003     |
|    loss                 | 0.201      |
|    n_updates            | 1040       |
|    policy_gradient_loss | -0.0314    |
|    value_loss           | 0.984      |
----------------------------------------
-----------------------------------------
| rollout/                |             |
|    ep_len_mean          | 21.4        |
|    ep_rew_mean          | 0.31        |
| time/                   |             |
|    fps                  | 214         |
|    iterations           | 26          |
|    time_elapsed         | 62          |
|    total_timesteps      | 13312       |
| train/                  |             |
|    approx_kl            | 0.018823694 |
|    clip_fraction        | 0.191       |
|    clip_range           | 0.2         |
|    entropy_loss         | -1.09       |
|    explained_variance   | 0.561       |
|    learning_rate        | 0.0003      |
|    loss                 | 0.172       |
|    n_updates            | 1050        |
|    policy_gradient_loss | -0.0211     |
|    value_loss           | 0.9         |
-----------------------------------------
-----------------------------------------
| rollout/                |             |
|    ep_len_mean          | 21.4        |
|    ep_rew_mean          | 0.208       |
| time/                   |             |
|    fps                  | 214         |
|    iterations           | 27          |
|    time_elapsed         | 64          |
|    total_timesteps      | 13824       |
| train/                  |             |
|    approx_kl            | 0.024312451 |
|    clip_fraction        | 0.271       |
|    clip_range           | 0.2         |
|    entropy_loss         | -1.12       |
|    explained_variance   | 0.699       |
|    learning_rate        | 0.0003      |
|    loss                 | 0.187       |
|    n_updates            | 1060        |
|    policy_gradient_loss | -0.0305     |
|    value_loss           | 0.926       |
-----------------------------------------
-----------------------------------------
| rollout/                |             |
|    ep_len_mean          | 19.9        |
|    ep_rew_mean          | 0.561       |
| time/                   |             |
|    fps                  | 213         |
|    iterations           | 28          |
|    time_elapsed         | 67          |
|    total_timesteps      | 14336       |
| train/                  |             |
|    approx_kl            | 0.027918683 |
|    clip_fraction        | 0.299       |
|    clip_range           | 0.2         |
|    entropy_loss         | -1.12       |
|    explained_variance   | 0.458       |
|    learning_rate        | 0.0003      |
|    loss                 | 0.173       |
|    n_updates            | 1070        |
|    policy_gradient_loss | -0.0267     |
|    value_loss           | 1.11        |
-----------------------------------------
-----------------------------------------
| rollout/                |             |
|    ep_len_mean          | 20.4        |
|    ep_rew_mean          | 0.523       |
| time/                   |             |
|    fps                  | 213         |
|    iterations           | 29          |
|    time_elapsed         | 69          |
|    total_timesteps      | 14848       |
| train/                  |             |
|    approx_kl            | 0.026219342 |
|    clip_fraction        | 0.308       |
|    clip_range           | 0.2         |
|    entropy_loss         | -1.05       |
|    explained_variance   | 0.796       |
|    learning_rate        | 0.0003      |
|    loss                 | 0.0444      |
|    n_updates            | 1080        |
|    policy_gradient_loss | -0.0251     |
|    value_loss           | 0.678       |
-----------------------------------------
-----------------------------------------
| rollout/                |             |
|    ep_len_mean          | 19.5        |
|    ep_rew_mean          | 0.816       |
| time/                   |             |
|    fps                  | 213         |
|    iterations           | 30          |
|    time_elapsed         | 71          |
|    total_timesteps      | 15360       |
| train/                  |             |
|    approx_kl            | 0.023142446 |
|    clip_fraction        | 0.293       |
|    clip_range           | 0.2         |
|    entropy_loss         | -1.04       |
|    explained_variance   | 0.356       |
|    learning_rate        | 0.0003      |
|    loss                 | 0.193       |
|    n_updates            | 1090        |
|    policy_gradient_loss | -0.0248     |
|    value_loss           | 0.914       |
-----------------------------------------
-----------------------------------------
| rollout/                |             |
|    ep_len_mean          | 17.8        |
|    ep_rew_mean          | 1.14        |
| time/                   |             |
|    fps                  | 213         |
|    iterations           | 31          |
|    time_elapsed         | 74          |
|    total_timesteps      | 15872       |
| train/                  |             |
|    approx_kl            | 0.024919149 |
|    clip_fraction        | 0.234       |
|    clip_range           | 0.2         |
|    entropy_loss         | -1.07       |
|    explained_variance   | 0.658       |
|    learning_rate        | 0.0003      |
|    loss                 | 0.229       |
|    n_updates            | 1100        |
|    policy_gradient_loss | -0.0267     |
|    value_loss           | 0.905       |
-----------------------------------------
----------------------------------------
| rollout/                |            |
|    ep_len_mean          | 16.5       |
|    ep_rew_mean          | 1.55       |
| time/                   |            |
|    fps                  | 213        |
|    iterations           | 32         |
|    time_elapsed         | 76         |
|    total_timesteps      | 16384      |
| train/                  |            |
|    approx_kl            | 0.03588573 |
|    clip_fraction        | 0.325      |
|    clip_range           | 0.2        |
|    entropy_loss         | -1.06      |
|    explained_variance   | -0.349     |
|    learning_rate        | 0.0003     |
|    loss                 | 0.229      |
|    n_updates            | 1110       |
|    policy_gradient_loss | -0.0274    |
|    value_loss           | 1.07       |
----------------------------------------
-----------------------------------------
| rollout/                |             |
|    ep_len_mean          | 16.9        |
|    ep_rew_mean          | 1.68        |
| time/                   |             |
|    fps                  | 213         |
|    iterations           | 33          |
|    time_elapsed         | 79          |
|    total_timesteps      | 16896       |
| train/                  |             |
|    approx_kl            | 0.035541616 |
|    clip_fraction        | 0.301       |
|    clip_range           | 0.2         |
|    entropy_loss         | -1.03       |
|    explained_variance   | 0.375       |
|    learning_rate        | 0.0003      |
|    loss                 | 0.112       |
|    n_updates            | 1120        |
|    policy_gradient_loss | -0.0346     |
|    value_loss           | 0.537       |
-----------------------------------------
-----------------------------------------
| rollout/                |             |
|    ep_len_mean          | 16.5        |
|    ep_rew_mean          | 2.08        |
| time/                   |             |
|    fps                  | 213         |
|    iterations           | 34          |
|    time_elapsed         | 81          |
|    total_timesteps      | 17408       |
| train/                  |             |
|    approx_kl            | 0.030283015 |
|    clip_fraction        | 0.293       |
|    clip_range           | 0.2         |
|    entropy_loss         | -1.03       |
|    explained_variance   | 0.289       |
|    learning_rate        | 0.0003      |
|    loss                 | 0.153       |
|    n_updates            | 1130        |
|    policy_gradient_loss | -0.0416     |
|    value_loss           | 0.681       |
-----------------------------------------
----------------------------------------
| rollout/                |            |
|    ep_len_mean          | 13.2       |
|    ep_rew_mean          | 2.56       |
| time/                   |            |
|    fps                  | 213        |
|    iterations           | 35         |
|    time_elapsed         | 84         |
|    total_timesteps      | 17920      |
| train/                  |            |
|    approx_kl            | 0.01881107 |
|    clip_fraction        | 0.2        |
|    clip_range           | 0.2        |
|    entropy_loss         | -0.98      |
|    explained_variance   | 0.368      |
|    learning_rate        | 0.0003     |
|    loss                 | 0.155      |
|    n_updates            | 1140       |
|    policy_gradient_loss | -0.0304    |
|    value_loss           | 0.689      |
----------------------------------------
-----------------------------------------
| rollout/                |             |
|    ep_len_mean          | 11.6        |
|    ep_rew_mean          | 2.72        |
| time/                   |             |
|    fps                  | 213         |
|    iterations           | 36          |
|    time_elapsed         | 86          |
|    total_timesteps      | 18432       |
| train/                  |             |
|    approx_kl            | 0.034719028 |
|    clip_fraction        | 0.268       |
|    clip_range           | 0.2         |
|    entropy_loss         | -0.869      |
|    explained_variance   | 0.505       |
|    learning_rate        | 0.0003      |
|    loss                 | 0.0033      |
|    n_updates            | 1150        |
|    policy_gradient_loss | -0.0499     |
|    value_loss           | 0.406       |
-----------------------------------------
-----------------------------------------
| rollout/                |             |
|    ep_len_mean          | 11.4        |
|    ep_rew_mean          | 2.58        |
| time/                   |             |
|    fps                  | 212         |
|    iterations           | 37          |
|    time_elapsed         | 89          |
|    total_timesteps      | 18944       |
| train/                  |             |
|    approx_kl            | 0.026993703 |
|    clip_fraction        | 0.237       |
|    clip_range           | 0.2         |
|    entropy_loss         | -0.93       |
|    explained_variance   | 0.184       |
|    learning_rate        | 0.0003      |
|    loss                 | 0.0812      |
|    n_updates            | 1160        |
|    policy_gradient_loss | -0.026      |
|    value_loss           | 0.613       |
-----------------------------------------
-----------------------------------------
| rollout/                |             |
|    ep_len_mean          | 10.8        |
|    ep_rew_mean          | 2.75        |
| time/                   |             |
|    fps                  | 212         |
|    iterations           | 38          |
|    time_elapsed         | 91          |
|    total_timesteps      | 19456       |
| train/                  |             |
|    approx_kl            | 0.028301422 |
|    clip_fraction        | 0.25        |
|    clip_range           | 0.2         |
|    entropy_loss         | -0.804      |
|    explained_variance   | 0.603       |
|    learning_rate        | 0.0003      |
|    loss                 | 0.0128      |
|    n_updates            | 1170        |
|    policy_gradient_loss | -0.0509     |
|    value_loss           | 0.349       |
-----------------------------------------
-----------------------------------------
| rollout/                |             |
|    ep_len_mean          | 10.6        |
|    ep_rew_mean          | 2.95        |
| time/                   |             |
|    fps                  | 212         |
|    iterations           | 39          |
|    time_elapsed         | 93          |
|    total_timesteps      | 19968       |
| train/                  |             |
|    approx_kl            | 0.035370007 |
|    clip_fraction        | 0.292       |
|    clip_range           | 0.2         |
|    entropy_loss         | -0.829      |
|    explained_variance   | 0.58        |
|    learning_rate        | 0.0003      |
|    loss                 | -0.00563    |
|    n_updates            | 1180        |
|    policy_gradient_loss | -0.0477     |
|    value_loss           | 0.265       |
-----------------------------------------
-----------------------------------------
| rollout/                |             |
|    ep_len_mean          | 10.4        |
|    ep_rew_mean          | 2.86        |
| time/                   |             |
|    fps                  | 212         |
|    iterations           | 40          |
|    time_elapsed         | 96          |
|    total_timesteps      | 20480       |
| train/                  |             |
|    approx_kl            | 0.048130184 |
|    clip_fraction        | 0.307       |
|    clip_range           | 0.2         |
|    entropy_loss         | -0.828      |
|    explained_variance   | 0.605       |
|    learning_rate        | 0.0003      |
|    loss                 | 0.0537      |
|    n_updates            | 1190        |
|    policy_gradient_loss | -0.0328     |
|    value_loss           | 0.363       |
-----------------------------------------

--- Starting Iteration 4/10 ---
---------------------------------
| rollout/           |          |
|    ep_len_mean     | 9.24     |
|    ep_rew_mean     | 3.18     |
| time/              |          |
|    fps             | 943      |
|    iterations      | 1        |
|    time_elapsed    | 0        |
|    total_timesteps | 512      |
---------------------------------
-----------------------------------------
| rollout/                |             |
|    ep_len_mean          | 9.17        |
|    ep_rew_mean          | 3.19        |
| time/                   |             |
|    fps                  | 328         |
|    iterations           | 2           |
|    time_elapsed         | 3           |
|    total_timesteps      | 1024        |
| train/                  |             |
|    approx_kl            | 0.043202832 |
|    clip_fraction        | 0.287       |
|    clip_range           | 0.2         |
|    entropy_loss         | -0.742      |
|    explained_variance   | 0.618       |
|    learning_rate        | 0.0003      |
|    loss                 | -0.00558    |
|    n_updates            | 1210        |
|    policy_gradient_loss | -0.0414     |
|    value_loss           | 0.308       |
-----------------------------------------
-----------------------------------------
| rollout/                |             |
|    ep_len_mean          | 7.84        |
|    ep_rew_mean          | 3.27        |
| time/                   |             |
|    fps                  | 263         |
|    iterations           | 3           |
|    time_elapsed         | 5           |
|    total_timesteps      | 1536        |
| train/                  |             |
|    approx_kl            | 0.032221913 |
|    clip_fraction        | 0.228       |
|    clip_range           | 0.2         |
|    entropy_loss         | -0.658      |
|    explained_variance   | 0.496       |
|    learning_rate        | 0.0003      |
|    loss                 | 0.00669     |
|    n_updates            | 1220        |
|    policy_gradient_loss | -0.0341     |
|    value_loss           | 0.18        |
-----------------------------------------
----------------------------------------
| rollout/                |            |
|    ep_len_mean          | 8.3        |
|    ep_rew_mean          | 3.6        |
| time/                   |            |
|    fps                  | 243        |
|    iterations           | 4          |
|    time_elapsed         | 8          |
|    total_timesteps      | 2048       |
| train/                  |            |
|    approx_kl            | 0.03472756 |
|    clip_fraction        | 0.232      |
|    clip_range           | 0.2        |
|    entropy_loss         | -0.617     |
|    explained_variance   | 0.799      |
|    learning_rate        | 0.0003     |
|    loss                 | -0.0446    |
|    n_updates            | 1230       |
|    policy_gradient_loss | -0.0437    |
|    value_loss           | 0.17       |
----------------------------------------
----------------------------------------
| rollout/                |            |
|    ep_len_mean          | 8.28       |
|    ep_rew_mean          | 3.73       |
| time/                   |            |
|    fps                  | 232        |
|    iterations           | 5          |
|    time_elapsed         | 11         |
|    total_timesteps      | 2560       |
| train/                  |            |
|    approx_kl            | 0.06863901 |
|    clip_fraction        | 0.26       |
|    clip_range           | 0.2        |
|    entropy_loss         | -0.597     |
|    explained_variance   | 0.667      |
|    learning_rate        | 0.0003     |
|    loss                 | 0.00579    |
|    n_updates            | 1240       |
|    policy_gradient_loss | -0.0479    |
|    value_loss           | 0.224      |
----------------------------------------
----------------------------------------
| rollout/                |            |
|    ep_len_mean          | 7.87       |
|    ep_rew_mean          | 3.69       |
| time/                   |            |
|    fps                  | 225        |
|    iterations           | 6          |
|    time_elapsed         | 13         |
|    total_timesteps      | 3072       |
| train/                  |            |
|    approx_kl            | 0.02671118 |
|    clip_fraction        | 0.181      |
|    clip_range           | 0.2        |
|    entropy_loss         | -0.531     |
|    explained_variance   | 0.866      |
|    learning_rate        | 0.0003     |
|    loss                 | -0.051     |
|    n_updates            | 1250       |
|    policy_gradient_loss | -0.0361    |
|    value_loss           | 0.113      |
----------------------------------------
-----------------------------------------
| rollout/                |             |
|    ep_len_mean          | 8.1         |
|    ep_rew_mean          | 3.72        |
| time/                   |             |
|    fps                  | 221         |
|    iterations           | 7           |
|    time_elapsed         | 16          |
|    total_timesteps      | 3584        |
| train/                  |             |
|    approx_kl            | 0.039961264 |
|    clip_fraction        | 0.209       |
|    clip_range           | 0.2         |
|    entropy_loss         | -0.529      |
|    explained_variance   | 0.894       |
|    learning_rate        | 0.0003      |
|    loss                 | -0.0479     |
|    n_updates            | 1260        |
|    policy_gradient_loss | -0.0433     |
|    value_loss           | 0.0821      |
-----------------------------------------
----------------------------------------
| rollout/                |            |
|    ep_len_mean          | 8.37       |
|    ep_rew_mean          | 3.93       |
| time/                   |            |
|    fps                  | 219        |
|    iterations           | 8          |
|    time_elapsed         | 18         |
|    total_timesteps      | 4096       |
| train/                  |            |
|    approx_kl            | 0.04558803 |
|    clip_fraction        | 0.266      |
|    clip_range           | 0.2        |
|    entropy_loss         | -0.487     |
|    explained_variance   | 0.909      |
|    learning_rate        | 0.0003     |
|    loss                 | -0.0435    |
|    n_updates            | 1270       |
|    policy_gradient_loss | -0.0451    |
|    value_loss           | 0.0676     |
----------------------------------------
-----------------------------------------
| rollout/                |             |
|    ep_len_mean          | 8.36        |
|    ep_rew_mean          | 4.04        |
| time/                   |             |
|    fps                  | 216         |
|    iterations           | 9           |
|    time_elapsed         | 21          |
|    total_timesteps      | 4608        |
| train/                  |             |
|    approx_kl            | 0.045979895 |
|    clip_fraction        | 0.226       |
|    clip_range           | 0.2         |
|    entropy_loss         | -0.463      |
|    explained_variance   | 0.871       |
|    learning_rate        | 0.0003      |
|    loss                 | -0.0397     |
|    n_updates            | 1280        |
|    policy_gradient_loss | -0.0281     |
|    value_loss           | 0.101       |
-----------------------------------------
-----------------------------------------
| rollout/                |             |
|    ep_len_mean          | 7.8         |
|    ep_rew_mean          | 3.85        |
| time/                   |             |
|    fps                  | 216         |
|    iterations           | 10          |
|    time_elapsed         | 23          |
|    total_timesteps      | 5120        |
| train/                  |             |
|    approx_kl            | 0.028795946 |
|    clip_fraction        | 0.191       |
|    clip_range           | 0.2         |
|    entropy_loss         | -0.441      |
|    explained_variance   | 0.933       |
|    learning_rate        | 0.0003      |
|    loss                 | -0.0542     |
|    n_updates            | 1290        |
|    policy_gradient_loss | -0.0388     |
|    value_loss           | 0.0692      |
-----------------------------------------
-----------------------------------------
| rollout/                |             |
|    ep_len_mean          | 8.07        |
|    ep_rew_mean          | 3.83        |
| time/                   |             |
|    fps                  | 215         |
|    iterations           | 11          |
|    time_elapsed         | 26          |
|    total_timesteps      | 5632        |
| train/                  |             |
|    approx_kl            | 0.030619135 |
|    clip_fraction        | 0.191       |
|    clip_range           | 0.2         |
|    entropy_loss         | -0.455      |
|    explained_variance   | 0.922       |
|    learning_rate        | 0.0003      |
|    loss                 | -0.0307     |
|    n_updates            | 1300        |
|    policy_gradient_loss | -0.0405     |
|    value_loss           | 0.0841      |
-----------------------------------------
-----------------------------------------
| rollout/                |             |
|    ep_len_mean          | 7.78        |
|    ep_rew_mean          | 3.79        |
| time/                   |             |
|    fps                  | 214         |
|    iterations           | 12          |
|    time_elapsed         | 28          |
|    total_timesteps      | 6144        |
| train/                  |             |
|    approx_kl            | 0.038288523 |
|    clip_fraction        | 0.197       |
|    clip_range           | 0.2         |
|    entropy_loss         | -0.447      |
|    explained_variance   | 0.876       |
|    learning_rate        | 0.0003      |
|    loss                 | -0.0383     |
|    n_updates            | 1310        |
|    policy_gradient_loss | -0.0415     |
|    value_loss           | 0.115       |
-----------------------------------------
-----------------------------------------
| rollout/                |             |
|    ep_len_mean          | 6.52        |
|    ep_rew_mean          | 3.31        |
| time/                   |             |
|    fps                  | 213         |
|    iterations           | 13          |
|    time_elapsed         | 31          |
|    total_timesteps      | 6656        |
| train/                  |             |
|    approx_kl            | 0.030480152 |
|    clip_fraction        | 0.172       |
|    clip_range           | 0.2         |
|    entropy_loss         | -0.401      |
|    explained_variance   | 0.922       |
|    learning_rate        | 0.0003      |
|    loss                 | -0.0387     |
|    n_updates            | 1320        |
|    policy_gradient_loss | -0.0304     |
|    value_loss           | 0.0707      |
-----------------------------------------
-----------------------------------------
| rollout/                |             |
|    ep_len_mean          | 7.33        |
|    ep_rew_mean          | 3.54        |
| time/                   |             |
|    fps                  | 212         |
|    iterations           | 14          |
|    time_elapsed         | 33          |
|    total_timesteps      | 7168        |
| train/                  |             |
|    approx_kl            | 0.035988964 |
|    clip_fraction        | 0.204       |
|    clip_range           | 0.2         |
|    entropy_loss         | -0.489      |
|    explained_variance   | 0.822       |
|    learning_rate        | 0.0003      |
|    loss                 | 0.0751      |
|    n_updates            | 1330        |
|    policy_gradient_loss | -0.0222     |
|    value_loss           | 0.142       |
-----------------------------------------
-----------------------------------------
| rollout/                |             |
|    ep_len_mean          | 7.79        |
|    ep_rew_mean          | 3.61        |
| time/                   |             |
|    fps                  | 212         |
|    iterations           | 15          |
|    time_elapsed         | 36          |
|    total_timesteps      | 7680        |
| train/                  |             |
|    approx_kl            | 0.043995954 |
|    clip_fraction        | 0.201       |
|    clip_range           | 0.2         |
|    entropy_loss         | -0.383      |
|    explained_variance   | 0.943       |
|    learning_rate        | 0.0003      |
|    loss                 | -0.0463     |
|    n_updates            | 1340        |
|    policy_gradient_loss | -0.0371     |
|    value_loss           | 0.0494      |
-----------------------------------------
----------------------------------------
| rollout/                |            |
|    ep_len_mean          | 7.67       |
|    ep_rew_mean          | 3.41       |
| time/                   |            |
|    fps                  | 211        |
|    iterations           | 16         |
|    time_elapsed         | 38         |
|    total_timesteps      | 8192       |
| train/                  |            |
|    approx_kl            | 0.07316132 |
|    clip_fraction        | 0.234      |
|    clip_range           | 0.2        |
|    entropy_loss         | -0.498     |
|    explained_variance   | 0.776      |
|    learning_rate        | 0.0003     |
|    loss                 | -0.0102    |
|    n_updates            | 1350       |
|    policy_gradient_loss | -0.0323    |
|    value_loss           | 0.229      |
----------------------------------------
-----------------------------------------
| rollout/                |             |
|    ep_len_mean          | 7.58        |
|    ep_rew_mean          | 3.88        |
| time/                   |             |
|    fps                  | 210         |
|    iterations           | 17          |
|    time_elapsed         | 41          |
|    total_timesteps      | 8704        |
| train/                  |             |
|    approx_kl            | 0.032365467 |
|    clip_fraction        | 0.215       |
|    clip_range           | 0.2         |
|    entropy_loss         | -0.407      |
|    explained_variance   | 0.892       |
|    learning_rate        | 0.0003      |
|    loss                 | -0.016      |
|    n_updates            | 1360        |
|    policy_gradient_loss | -0.0293     |
|    value_loss           | 0.0895      |
-----------------------------------------
-----------------------------------------
| rollout/                |             |
|    ep_len_mean          | 7           |
|    ep_rew_mean          | 3.5         |
| time/                   |             |
|    fps                  | 210         |
|    iterations           | 18          |
|    time_elapsed         | 43          |
|    total_timesteps      | 9216        |
| train/                  |             |
|    approx_kl            | 0.024751768 |
|    clip_fraction        | 0.179       |
|    clip_range           | 0.2         |
|    entropy_loss         | -0.389      |
|    explained_variance   | 0.931       |
|    learning_rate        | 0.0003      |
|    loss                 | -0.0235     |
|    n_updates            | 1370        |
|    policy_gradient_loss | -0.0316     |
|    value_loss           | 0.0558      |
-----------------------------------------
-----------------------------------------
| rollout/                |             |
|    ep_len_mean          | 7.21        |
|    ep_rew_mean          | 3.49        |
| time/                   |             |
|    fps                  | 210         |
|    iterations           | 19          |
|    time_elapsed         | 46          |
|    total_timesteps      | 9728        |
| train/                  |             |
|    approx_kl            | 0.060939815 |
|    clip_fraction        | 0.161       |
|    clip_range           | 0.2         |
|    entropy_loss         | -0.404      |
|    explained_variance   | 0.687       |
|    learning_rate        | 0.0003      |
|    loss                 | 0.326       |
|    n_updates            | 1380        |
|    policy_gradient_loss | -0.0116     |
|    value_loss           | 0.269       |
-----------------------------------------
----------------------------------------
| rollout/                |            |
|    ep_len_mean          | 7.27       |
|    ep_rew_mean          | 3.91       |
| time/                   |            |
|    fps                  | 209        |
|    iterations           | 20         |
|    time_elapsed         | 48         |
|    total_timesteps      | 10240      |
| train/                  |            |
|    approx_kl            | 0.04145221 |
|    clip_fraction        | 0.188      |
|    clip_range           | 0.2        |
|    entropy_loss         | -0.389     |
|    explained_variance   | 0.905      |
|    learning_rate        | 0.0003     |
|    loss                 | -0.0339    |
|    n_updates            | 1390       |
|    policy_gradient_loss | -0.0344    |
|    value_loss           | 0.0706     |
----------------------------------------
-----------------------------------------
| rollout/                |             |
|    ep_len_mean          | 7.94        |
|    ep_rew_mean          | 4.18        |
| time/                   |             |
|    fps                  | 209         |
|    iterations           | 21          |
|    time_elapsed         | 51          |
|    total_timesteps      | 10752       |
| train/                  |             |
|    approx_kl            | 0.027835863 |
|    clip_fraction        | 0.193       |
|    clip_range           | 0.2         |
|    entropy_loss         | -0.357      |
|    explained_variance   | 0.958       |
|    learning_rate        | 0.0003      |
|    loss                 | -0.0623     |
|    n_updates            | 1400        |
|    policy_gradient_loss | -0.0325     |
|    value_loss           | 0.0363      |
-----------------------------------------
-----------------------------------------
| rollout/                |             |
|    ep_len_mean          | 7.35        |
|    ep_rew_mean          | 3.92        |
| time/                   |             |
|    fps                  | 209         |
|    iterations           | 22          |
|    time_elapsed         | 53          |
|    total_timesteps      | 11264       |
| train/                  |             |
|    approx_kl            | 0.040170245 |
|    clip_fraction        | 0.178       |
|    clip_range           | 0.2         |
|    entropy_loss         | -0.351      |
|    explained_variance   | 0.952       |
|    learning_rate        | 0.0003      |
|    loss                 | -0.0441     |
|    n_updates            | 1410        |
|    policy_gradient_loss | -0.0331     |
|    value_loss           | 0.0498      |
-----------------------------------------
----------------------------------------
| rollout/                |            |
|    ep_len_mean          | 7          |
|    ep_rew_mean          | 3.7        |
| time/                   |            |
|    fps                  | 209        |
|    iterations           | 23         |
|    time_elapsed         | 56         |
|    total_timesteps      | 11776      |
| train/                  |            |
|    approx_kl            | 0.04453855 |
|    clip_fraction        | 0.19       |
|    clip_range           | 0.2        |
|    entropy_loss         | -0.359     |
|    explained_variance   | 0.966      |
|    learning_rate        | 0.0003     |
|    loss                 | -0.0581    |
|    n_updates            | 1420       |
|    policy_gradient_loss | -0.0412    |
|    value_loss           | 0.0331     |
----------------------------------------
-----------------------------------------
| rollout/                |             |
|    ep_len_mean          | 7.33        |
|    ep_rew_mean          | 3.83        |
| time/                   |             |
|    fps                  | 208         |
|    iterations           | 24          |
|    time_elapsed         | 58          |
|    total_timesteps      | 12288       |
| train/                  |             |
|    approx_kl            | 0.039171495 |
|    clip_fraction        | 0.175       |
|    clip_range           | 0.2         |
|    entropy_loss         | -0.348      |
|    explained_variance   | 0.953       |
|    learning_rate        | 0.0003      |
|    loss                 | -0.0656     |
|    n_updates            | 1430        |
|    policy_gradient_loss | -0.0374     |
|    value_loss           | 0.0439      |
-----------------------------------------
-----------------------------------------
| rollout/                |             |
|    ep_len_mean          | 6.75        |
|    ep_rew_mean          | 3.59        |
| time/                   |             |
|    fps                  | 208         |
|    iterations           | 25          |
|    time_elapsed         | 61          |
|    total_timesteps      | 12800       |
| train/                  |             |
|    approx_kl            | 0.049008016 |
|    clip_fraction        | 0.195       |
|    clip_range           | 0.2         |
|    entropy_loss         | -0.346      |
|    explained_variance   | 0.94        |
|    learning_rate        | 0.0003      |
|    loss                 | -0.0306     |
|    n_updates            | 1440        |
|    policy_gradient_loss | -0.0326     |
|    value_loss           | 0.0488      |
-----------------------------------------
----------------------------------------
| rollout/                |            |
|    ep_len_mean          | 7.03       |
|    ep_rew_mean          | 3.79       |
| time/                   |            |
|    fps                  | 208        |
|    iterations           | 26         |
|    time_elapsed         | 63         |
|    total_timesteps      | 13312      |
| train/                  |            |
|    approx_kl            | 0.05341758 |
|    clip_fraction        | 0.206      |
|    clip_range           | 0.2        |
|    entropy_loss         | -0.345     |
|    explained_variance   | 0.951      |
|    learning_rate        | 0.0003     |
|    loss                 | -0.0566    |
|    n_updates            | 1450       |
|    policy_gradient_loss | -0.0323    |
|    value_loss           | 0.035      |
----------------------------------------
-----------------------------------------
| rollout/                |             |
|    ep_len_mean          | 6.88        |
|    ep_rew_mean          | 3.72        |
| time/                   |             |
|    fps                  | 208         |
|    iterations           | 27          |
|    time_elapsed         | 66          |
|    total_timesteps      | 13824       |
| train/                  |             |
|    approx_kl            | 0.044678424 |
|    clip_fraction        | 0.192       |
|    clip_range           | 0.2         |
|    entropy_loss         | -0.33       |
|    explained_variance   | 0.967       |
|    learning_rate        | 0.0003      |
|    loss                 | -0.051      |
|    n_updates            | 1460        |
|    policy_gradient_loss | -0.0318     |
|    value_loss           | 0.0299      |
-----------------------------------------
----------------------------------------
| rollout/                |            |
|    ep_len_mean          | 7.41       |
|    ep_rew_mean          | 3.83       |
| time/                   |            |
|    fps                  | 208        |
|    iterations           | 28         |
|    time_elapsed         | 68         |
|    total_timesteps      | 14336      |
| train/                  |            |
|    approx_kl            | 0.05384867 |
|    clip_fraction        | 0.219      |
|    clip_range           | 0.2        |
|    entropy_loss         | -0.373     |
|    explained_variance   | 0.956      |
|    learning_rate        | 0.0003     |
|    loss                 | -0.0319    |
|    n_updates            | 1470       |
|    policy_gradient_loss | -0.041     |
|    value_loss           | 0.0359     |
----------------------------------------
----------------------------------------
| rollout/                |            |
|    ep_len_mean          | 7.45       |
|    ep_rew_mean          | 3.78       |
| time/                   |            |
|    fps                  | 207        |
|    iterations           | 29         |
|    time_elapsed         | 71         |
|    total_timesteps      | 14848      |
| train/                  |            |
|    approx_kl            | 0.05334383 |
|    clip_fraction        | 0.197      |
|    clip_range           | 0.2        |
|    entropy_loss         | -0.357     |
|    explained_variance   | 0.948      |
|    learning_rate        | 0.0003     |
|    loss                 | -0.0139    |
|    n_updates            | 1480       |
|    policy_gradient_loss | -0.0372    |
|    value_loss           | 0.0545     |
----------------------------------------
-----------------------------------------
| rollout/                |             |
|    ep_len_mean          | 7.95        |
|    ep_rew_mean          | 3.79        |
| time/                   |             |
|    fps                  | 207         |
|    iterations           | 30          |
|    time_elapsed         | 73          |
|    total_timesteps      | 15360       |
| train/                  |             |
|    approx_kl            | 0.058532212 |
|    clip_fraction        | 0.19        |
|    clip_range           | 0.2         |
|    entropy_loss         | -0.321      |
|    explained_variance   | 0.964       |
|    learning_rate        | 0.0003      |
|    loss                 | -0.0503     |
|    n_updates            | 1490        |
|    policy_gradient_loss | -0.0393     |
|    value_loss           | 0.0313      |
-----------------------------------------
-----------------------------------------
| rollout/                |             |
|    ep_len_mean          | 7.72        |
|    ep_rew_mean          | 3.77        |
| time/                   |             |
|    fps                  | 207         |
|    iterations           | 31          |
|    time_elapsed         | 76          |
|    total_timesteps      | 15872       |
| train/                  |             |
|    approx_kl            | 0.043722916 |
|    clip_fraction        | 0.204       |
|    clip_range           | 0.2         |
|    entropy_loss         | -0.392      |
|    explained_variance   | 0.773       |
|    learning_rate        | 0.0003      |
|    loss                 | 0.00939     |
|    n_updates            | 1500        |
|    policy_gradient_loss | 0.00943     |
|    value_loss           | 0.18        |
-----------------------------------------
-----------------------------------------
| rollout/                |             |
|    ep_len_mean          | 7.62        |
|    ep_rew_mean          | 3.65        |
| time/                   |             |
|    fps                  | 207         |
|    iterations           | 32          |
|    time_elapsed         | 78          |
|    total_timesteps      | 16384       |
| train/                  |             |
|    approx_kl            | 0.053554013 |
|    clip_fraction        | 0.222       |
|    clip_range           | 0.2         |
|    entropy_loss         | -0.328      |
|    explained_variance   | 0.844       |
|    learning_rate        | 0.0003      |
|    loss                 | -0.033      |
|    n_updates            | 1510        |
|    policy_gradient_loss | -0.0449     |
|    value_loss           | 0.0958      |
-----------------------------------------
-----------------------------------------
| rollout/                |             |
|    ep_len_mean          | 7.47        |
|    ep_rew_mean          | 3.75        |
| time/                   |             |
|    fps                  | 207         |
|    iterations           | 33          |
|    time_elapsed         | 81          |
|    total_timesteps      | 16896       |
| train/                  |             |
|    approx_kl            | 0.047105774 |
|    clip_fraction        | 0.231       |
|    clip_range           | 0.2         |
|    entropy_loss         | -0.35       |
|    explained_variance   | 0.931       |
|    learning_rate        | 0.0003      |
|    loss                 | -0.0116     |
|    n_updates            | 1520        |
|    policy_gradient_loss | -0.0309     |
|    value_loss           | 0.052       |
-----------------------------------------
-----------------------------------------
| rollout/                |             |
|    ep_len_mean          | 8.25        |
|    ep_rew_mean          | 3.52        |
| time/                   |             |
|    fps                  | 207         |
|    iterations           | 34          |
|    time_elapsed         | 83          |
|    total_timesteps      | 17408       |
| train/                  |             |
|    approx_kl            | 0.055761192 |
|    clip_fraction        | 0.219       |
|    clip_range           | 0.2         |
|    entropy_loss         | -0.34       |
|    explained_variance   | 0.966       |
|    learning_rate        | 0.0003      |
|    loss                 | -0.0646     |
|    n_updates            | 1530        |
|    policy_gradient_loss | -0.0423     |
|    value_loss           | 0.039       |
-----------------------------------------
----------------------------------------
| rollout/                |            |
|    ep_len_mean          | 8.19       |
|    ep_rew_mean          | 3.46       |
| time/                   |            |
|    fps                  | 207        |
|    iterations           | 35         |
|    time_elapsed         | 86         |
|    total_timesteps      | 17920      |
| train/                  |            |
|    approx_kl            | 0.06300351 |
|    clip_fraction        | 0.271      |
|    clip_range           | 0.2        |
|    entropy_loss         | -0.487     |
|    explained_variance   | 0.562      |
|    learning_rate        | 0.0003     |
|    loss                 | 0.141      |
|    n_updates            | 1540       |
|    policy_gradient_loss | -0.0292    |
|    value_loss           | 0.421      |
----------------------------------------
-----------------------------------------
| rollout/                |             |
|    ep_len_mean          | 6.72        |
|    ep_rew_mean          | 3.73        |
| time/                   |             |
|    fps                  | 207         |
|    iterations           | 36          |
|    time_elapsed         | 88          |
|    total_timesteps      | 18432       |
| train/                  |             |
|    approx_kl            | 0.059044685 |
|    clip_fraction        | 0.178       |
|    clip_range           | 0.2         |
|    entropy_loss         | -0.309      |
|    explained_variance   | 0.915       |
|    learning_rate        | 0.0003      |
|    loss                 | -0.0681     |
|    n_updates            | 1550        |
|    policy_gradient_loss | -0.0268     |
|    value_loss           | 0.0624      |
-----------------------------------------
-----------------------------------------
| rollout/                |             |
|    ep_len_mean          | 7.27        |
|    ep_rew_mean          | 3.54        |
| time/                   |             |
|    fps                  | 207         |
|    iterations           | 37          |
|    time_elapsed         | 91          |
|    total_timesteps      | 18944       |
| train/                  |             |
|    approx_kl            | 0.049446166 |
|    clip_fraction        | 0.156       |
|    clip_range           | 0.2         |
|    entropy_loss         | -0.311      |
|    explained_variance   | 0.948       |
|    learning_rate        | 0.0003      |
|    loss                 | -0.0422     |
|    n_updates            | 1560        |
|    policy_gradient_loss | -0.031      |
|    value_loss           | 0.0341      |
-----------------------------------------
-----------------------------------------
| rollout/                |             |
|    ep_len_mean          | 8.23        |
|    ep_rew_mean          | 3.74        |
| time/                   |             |
|    fps                  | 207         |
|    iterations           | 38          |
|    time_elapsed         | 93          |
|    total_timesteps      | 19456       |
| train/                  |             |
|    approx_kl            | 0.075579405 |
|    clip_fraction        | 0.231       |
|    clip_range           | 0.2         |
|    entropy_loss         | -0.37       |
|    explained_variance   | 0.879       |
|    learning_rate        | 0.0003      |
|    loss                 | -0.0226     |
|    n_updates            | 1570        |
|    policy_gradient_loss | -0.0322     |
|    value_loss           | 0.116       |
-----------------------------------------
-----------------------------------------
| rollout/                |             |
|    ep_len_mean          | 7.35        |
|    ep_rew_mean          | 3.82        |
| time/                   |             |
|    fps                  | 207         |
|    iterations           | 39          |
|    time_elapsed         | 96          |
|    total_timesteps      | 19968       |
| train/                  |             |
|    approx_kl            | 0.047242172 |
|    clip_fraction        | 0.227       |
|    clip_range           | 0.2         |
|    entropy_loss         | -0.347      |
|    explained_variance   | 0.906       |
|    learning_rate        | 0.0003      |
|    loss                 | -8.18e-05   |
|    n_updates            | 1580        |
|    policy_gradient_loss | -0.0332     |
|    value_loss           | 0.0934      |
-----------------------------------------
-----------------------------------------
| rollout/                |             |
|    ep_len_mean          | 7.42        |
|    ep_rew_mean          | 3.66        |
| time/                   |             |
|    fps                  | 207         |
|    iterations           | 40          |
|    time_elapsed         | 98          |
|    total_timesteps      | 20480       |
| train/                  |             |
|    approx_kl            | 0.043493874 |
|    clip_fraction        | 0.166       |
|    clip_range           | 0.2         |
|    entropy_loss         | -0.332      |
|    explained_variance   | 0.94        |
|    learning_rate        | 0.0003      |
|    loss                 | -0.0456     |
|    n_updates            | 1590        |
|    policy_gradient_loss | -0.0255     |
|    value_loss           | 0.0649      |
-----------------------------------------

--- Starting Iteration 5/10 ---
---------------------------------
| rollout/           |          |
|    ep_len_mean     | 7.31     |
|    ep_rew_mean     | 3.74     |
| time/              |          |
|    fps             | 854      |
|    iterations      | 1        |
|    time_elapsed    | 0        |
|    total_timesteps | 512      |
---------------------------------
-----------------------------------------
| rollout/                |             |
|    ep_len_mean          | 8.12        |
|    ep_rew_mean          | 3.9         |
| time/                   |             |
|    fps                  | 334         |
|    iterations           | 2           |
|    time_elapsed         | 3           |
|    total_timesteps      | 1024        |
| train/                  |             |
|    approx_kl            | 0.056281634 |
|    clip_fraction        | 0.203       |
|    clip_range           | 0.2         |
|    entropy_loss         | -0.323      |
|    explained_variance   | 0.915       |
|    learning_rate        | 0.0003      |
|    loss                 | -0.0326     |
|    n_updates            | 1610        |
|    policy_gradient_loss | -0.0389     |
|    value_loss           | 0.0773      |
-----------------------------------------
----------------------------------------
| rollout/                |            |
|    ep_len_mean          | 8.06       |
|    ep_rew_mean          | 3.84       |
| time/                   |            |
|    fps                  | 275        |
|    iterations           | 3          |
|    time_elapsed         | 5          |
|    total_timesteps      | 1536       |
| train/                  |            |
|    approx_kl            | 0.07113755 |
|    clip_fraction        | 0.257      |
|    clip_range           | 0.2        |
|    entropy_loss         | -0.377     |
|    explained_variance   | 0.933      |
|    learning_rate        | 0.0003     |
|    loss                 | -0.0359    |
|    n_updates            | 1620       |
|    policy_gradient_loss | -0.0301    |
|    value_loss           | 0.0681     |
----------------------------------------
----------------------------------------
| rollout/                |            |
|    ep_len_mean          | 7.27       |
|    ep_rew_mean          | 3.79       |
| time/                   |            |
|    fps                  | 245        |
|    iterations           | 4          |
|    time_elapsed         | 8          |
|    total_timesteps      | 2048       |
| train/                  |            |
|    approx_kl            | 0.06948138 |
|    clip_fraction        | 0.252      |
|    clip_range           | 0.2        |
|    entropy_loss         | -0.328     |
|    explained_variance   | 0.952      |
|    learning_rate        | 0.0003     |
|    loss                 | -0.0318    |
|    n_updates            | 1630       |
|    policy_gradient_loss | -0.0435    |
|    value_loss           | 0.0453     |
----------------------------------------
----------------------------------------
| rollout/                |            |
|    ep_len_mean          | 7.07       |
|    ep_rew_mean          | 3.62       |
| time/                   |            |
|    fps                  | 237        |
|    iterations           | 5          |
|    time_elapsed         | 10         |
|    total_timesteps      | 2560       |
| train/                  |            |
|    approx_kl            | 0.05809634 |
|    clip_fraction        | 0.183      |
|    clip_range           | 0.2        |
|    entropy_loss         | -0.288     |
|    explained_variance   | 0.956      |
|    learning_rate        | 0.0003     |
|    loss                 | -0.0325    |
|    n_updates            | 1640       |
|    policy_gradient_loss | -0.0316    |
|    value_loss           | 0.0307     |
----------------------------------------
----------------------------------------
| rollout/                |            |
|    ep_len_mean          | 6.86       |
|    ep_rew_mean          | 3.74       |
| time/                   |            |
|    fps                  | 231        |
|    iterations           | 6          |
|    time_elapsed         | 13         |
|    total_timesteps      | 3072       |
| train/                  |            |
|    approx_kl            | 0.06321084 |
|    clip_fraction        | 0.183      |
|    clip_range           | 0.2        |
|    entropy_loss         | -0.322     |
|    explained_variance   | 0.889      |
|    learning_rate        | 0.0003     |
|    loss                 | -0.0239    |
|    n_updates            | 1650       |
|    policy_gradient_loss | -0.0171    |
|    value_loss           | 0.0884     |
----------------------------------------
-----------------------------------------
| rollout/                |             |
|    ep_len_mean          | 6.57        |
|    ep_rew_mean          | 3.54        |
| time/                   |             |
|    fps                  | 226         |
|    iterations           | 7           |
|    time_elapsed         | 15          |
|    total_timesteps      | 3584        |
| train/                  |             |
|    approx_kl            | 0.054005645 |
|    clip_fraction        | 0.16        |
|    clip_range           | 0.2         |
|    entropy_loss         | -0.265      |
|    explained_variance   | 0.969       |
|    learning_rate        | 0.0003      |
|    loss                 | -0.0361     |
|    n_updates            | 1660        |
|    policy_gradient_loss | -0.0322     |
|    value_loss           | 0.0287      |
-----------------------------------------
-----------------------------------------
| rollout/                |             |
|    ep_len_mean          | 6.72        |
|    ep_rew_mean          | 3.59        |
| time/                   |             |
|    fps                  | 223         |
|    iterations           | 8           |
|    time_elapsed         | 18          |
|    total_timesteps      | 4096        |
| train/                  |             |
|    approx_kl            | 0.042317644 |
|    clip_fraction        | 0.176       |
|    clip_range           | 0.2         |
|    entropy_loss         | -0.302      |
|    explained_variance   | 0.967       |
|    learning_rate        | 0.0003      |
|    loss                 | -0.0431     |
|    n_updates            | 1670        |
|    policy_gradient_loss | -0.0343     |
|    value_loss           | 0.029       |
-----------------------------------------
----------------------------------------
| rollout/                |            |
|    ep_len_mean          | 6.75       |
|    ep_rew_mean          | 3.5        |
| time/                   |            |
|    fps                  | 220        |
|    iterations           | 9          |
|    time_elapsed         | 20         |
|    total_timesteps      | 4608       |
| train/                  |            |
|    approx_kl            | 0.04967033 |
|    clip_fraction        | 0.191      |
|    clip_range           | 0.2        |
|    entropy_loss         | -0.298     |
|    explained_variance   | 0.953      |
|    learning_rate        | 0.0003     |
|    loss                 | -0.0538    |
|    n_updates            | 1680       |
|    policy_gradient_loss | -0.0403    |
|    value_loss           | 0.039      |
----------------------------------------
----------------------------------------
| rollout/                |            |
|    ep_len_mean          | 7.16       |
|    ep_rew_mean          | 3.91       |
| time/                   |            |
|    fps                  | 218        |
|    iterations           | 10         |
|    time_elapsed         | 23         |
|    total_timesteps      | 5120       |
| train/                  |            |
|    approx_kl            | 0.08237451 |
|    clip_fraction        | 0.203      |
|    clip_range           | 0.2        |
|    entropy_loss         | -0.296     |
|    explained_variance   | 0.949      |
|    learning_rate        | 0.0003     |
|    loss                 | -0.028     |
|    n_updates            | 1690       |
|    policy_gradient_loss | -0.0356    |
|    value_loss           | 0.0347     |
----------------------------------------
----------------------------------------
| rollout/                |            |
|    ep_len_mean          | 7.61       |
|    ep_rew_mean          | 4.03       |
| time/                   |            |
|    fps                  | 217        |
|    iterations           | 11         |
|    time_elapsed         | 25         |
|    total_timesteps      | 5632       |
| train/                  |            |
|    approx_kl            | 0.06612562 |
|    clip_fraction        | 0.212      |
|    clip_range           | 0.2        |
|    entropy_loss         | -0.29      |
|    explained_variance   | 0.974      |
|    learning_rate        | 0.0003     |
|    loss                 | -0.0327    |
|    n_updates            | 1700       |
|    policy_gradient_loss | -0.0287    |
|    value_loss           | 0.0232     |
----------------------------------------
----------------------------------------
| rollout/                |            |
|    ep_len_mean          | 6.96       |
|    ep_rew_mean          | 3.68       |
| time/                   |            |
|    fps                  | 216        |
|    iterations           | 12         |
|    time_elapsed         | 28         |
|    total_timesteps      | 6144       |
| train/                  |            |
|    approx_kl            | 0.11245489 |
|    clip_fraction        | 0.192      |
|    clip_range           | 0.2        |
|    entropy_loss         | -0.246     |
|    explained_variance   | 0.884      |
|    learning_rate        | 0.0003     |
|    loss                 | -0.0458    |
|    n_updates            | 1710       |
|    policy_gradient_loss | -0.0466    |
|    value_loss           | 0.0835     |
----------------------------------------
----------------------------------------
| rollout/                |            |
|    ep_len_mean          | 6.73       |
|    ep_rew_mean          | 3.79       |
| time/                   |            |
|    fps                  | 214        |
|    iterations           | 13         |
|    time_elapsed         | 30         |
|    total_timesteps      | 6656       |
| train/                  |            |
|    approx_kl            | 0.08222754 |
|    clip_fraction        | 0.16       |
|    clip_range           | 0.2        |
|    entropy_loss         | -0.218     |
|    explained_variance   | 0.969      |
|    learning_rate        | 0.0003     |
|    loss                 | -0.0342    |
|    n_updates            | 1720       |
|    policy_gradient_loss | -0.0331    |
|    value_loss           | 0.0259     |
----------------------------------------
----------------------------------------
| rollout/                |            |
|    ep_len_mean          | 7          |
|    ep_rew_mean          | 3.74       |
| time/                   |            |
|    fps                  | 213        |
|    iterations           | 14         |
|    time_elapsed         | 33         |
|    total_timesteps      | 7168       |
| train/                  |            |
|    approx_kl            | 0.10433473 |
|    clip_fraction        | 0.2        |
|    clip_range           | 0.2        |
|    entropy_loss         | -0.245     |
|    explained_variance   | 0.967      |
|    learning_rate        | 0.0003     |
|    loss                 | -0.0502    |
|    n_updates            | 1730       |
|    policy_gradient_loss | -0.0333    |
|    value_loss           | 0.0248     |
----------------------------------------
----------------------------------------
| rollout/                |            |
|    ep_len_mean          | 7.04       |
|    ep_rew_mean          | 3.64       |
| time/                   |            |
|    fps                  | 213        |
|    iterations           | 15         |
|    time_elapsed         | 36         |
|    total_timesteps      | 7680       |
| train/                  |            |
|    approx_kl            | 0.08015773 |
|    clip_fraction        | 0.186      |
|    clip_range           | 0.2        |
|    entropy_loss         | -0.237     |
|    explained_variance   | 0.964      |
|    learning_rate        | 0.0003     |
|    loss                 | -0.0394    |
|    n_updates            | 1740       |
|    policy_gradient_loss | -0.0287    |
|    value_loss           | 0.0323     |
----------------------------------------
---------------------------------------
| rollout/                |           |
|    ep_len_mean          | 6.9       |
|    ep_rew_mean          | 3.83      |
| time/                   |           |
|    fps                  | 212       |
|    iterations           | 16        |
|    time_elapsed         | 38        |
|    total_timesteps      | 8192      |
| train/                  |           |
|    approx_kl            | 0.0969477 |
|    clip_fraction        | 0.195     |
|    clip_range           | 0.2       |
|    entropy_loss         | -0.267    |
|    explained_variance   | 0.941     |
|    learning_rate        | 0.0003    |
|    loss                 | -0.0248   |
|    n_updates            | 1750      |
|    policy_gradient_loss | -0.0323   |
|    value_loss           | 0.047     |
---------------------------------------
-----------------------------------------
| rollout/                |             |
|    ep_len_mean          | 7.32        |
|    ep_rew_mean          | 4           |
| time/                   |             |
|    fps                  | 211         |
|    iterations           | 17          |
|    time_elapsed         | 41          |
|    total_timesteps      | 8704        |
| train/                  |             |
|    approx_kl            | 0.061432354 |
|    clip_fraction        | 0.156       |
|    clip_range           | 0.2         |
|    entropy_loss         | -0.215      |
|    explained_variance   | 0.977       |
|    learning_rate        | 0.0003      |
|    loss                 | -0.0475     |
|    n_updates            | 1760        |
|    policy_gradient_loss | -0.0252     |
|    value_loss           | 0.0196      |
-----------------------------------------
----------------------------------------
| rollout/                |            |
|    ep_len_mean          | 7.76       |
|    ep_rew_mean          | 3.94       |
| time/                   |            |
|    fps                  | 211        |
|    iterations           | 18         |
|    time_elapsed         | 43         |
|    total_timesteps      | 9216       |
| train/                  |            |
|    approx_kl            | 0.13185099 |
|    clip_fraction        | 0.189      |
|    clip_range           | 0.2        |
|    entropy_loss         | -0.265     |
|    explained_variance   | 0.967      |
|    learning_rate        | 0.0003     |
|    loss                 | -0.0153    |
|    n_updates            | 1770       |
|    policy_gradient_loss | -0.0251    |
|    value_loss           | 0.0311     |
----------------------------------------
----------------------------------------
| rollout/                |            |
|    ep_len_mean          | 6.82       |
|    ep_rew_mean          | 3.75       |
| time/                   |            |
|    fps                  | 210        |
|    iterations           | 19         |
|    time_elapsed         | 46         |
|    total_timesteps      | 9728       |
| train/                  |            |
|    approx_kl            | 0.09813258 |
|    clip_fraction        | 0.235      |
|    clip_range           | 0.2        |
|    entropy_loss         | -0.291     |
|    explained_variance   | 0.952      |
|    learning_rate        | 0.0003     |
|    loss                 | -0.0492    |
|    n_updates            | 1780       |
|    policy_gradient_loss | -0.0323    |
|    value_loss           | 0.0443     |
----------------------------------------
----------------------------------------
| rollout/                |            |
|    ep_len_mean          | 6.68       |
|    ep_rew_mean          | 3.62       |
| time/                   |            |
|    fps                  | 209        |
|    iterations           | 20         |
|    time_elapsed         | 48         |
|    total_timesteps      | 10240      |
| train/                  |            |
|    approx_kl            | 0.12309599 |
|    clip_fraction        | 0.21       |
|    clip_range           | 0.2        |
|    entropy_loss         | -0.271     |
|    explained_variance   | 0.969      |
|    learning_rate        | 0.0003     |
|    loss                 | -0.0554    |
|    n_updates            | 1790       |
|    policy_gradient_loss | -0.0397    |
|    value_loss           | 0.0206     |
----------------------------------------
-----------------------------------------
| rollout/                |             |
|    ep_len_mean          | 7.39        |
|    ep_rew_mean          | 3.88        |
| time/                   |             |
|    fps                  | 209         |
|    iterations           | 21          |
|    time_elapsed         | 51          |
|    total_timesteps      | 10752       |
| train/                  |             |
|    approx_kl            | 0.059296094 |
|    clip_fraction        | 0.213       |
|    clip_range           | 0.2         |
|    entropy_loss         | -0.29       |
|    explained_variance   | 0.958       |
|    learning_rate        | 0.0003      |
|    loss                 | -0.0535     |
|    n_updates            | 1800        |
|    policy_gradient_loss | -0.036      |
|    value_loss           | 0.0283      |
-----------------------------------------
---------------------------------------
| rollout/                |           |
|    ep_len_mean          | 7.17      |
|    ep_rew_mean          | 3.76      |
| time/                   |           |
|    fps                  | 209       |
|    iterations           | 22        |
|    time_elapsed         | 53        |
|    total_timesteps      | 11264     |
| train/                  |           |
|    approx_kl            | 0.0944902 |
|    clip_fraction        | 0.214     |
|    clip_range           | 0.2       |
|    entropy_loss         | -0.264    |
|    explained_variance   | 0.968     |
|    learning_rate        | 0.0003    |
|    loss                 | -0.0598   |
|    n_updates            | 1810      |
|    policy_gradient_loss | -0.0344   |
|    value_loss           | 0.0249    |
---------------------------------------
----------------------------------------
| rollout/                |            |
|    ep_len_mean          | 6.43       |
|    ep_rew_mean          | 3.48       |
| time/                   |            |
|    fps                  | 208        |
|    iterations           | 23         |
|    time_elapsed         | 56         |
|    total_timesteps      | 11776      |
| train/                  |            |
|    approx_kl            | 0.06968724 |
|    clip_fraction        | 0.212      |
|    clip_range           | 0.2        |
|    entropy_loss         | -0.276     |
|    explained_variance   | 0.974      |
|    learning_rate        | 0.0003     |
|    loss                 | -0.0657    |
|    n_updates            | 1820       |
|    policy_gradient_loss | -0.0392    |
|    value_loss           | 0.0264     |
----------------------------------------
----------------------------------------
| rollout/                |            |
|    ep_len_mean          | 7.09       |
|    ep_rew_mean          | 3.84       |
| time/                   |            |
|    fps                  | 208        |
|    iterations           | 24         |
|    time_elapsed         | 58         |
|    total_timesteps      | 12288      |
| train/                  |            |
|    approx_kl            | 0.09883593 |
|    clip_fraction        | 0.204      |
|    clip_range           | 0.2        |
|    entropy_loss         | -0.231     |
|    explained_variance   | 0.967      |
|    learning_rate        | 0.0003     |
|    loss                 | -0.0472    |
|    n_updates            | 1830       |
|    policy_gradient_loss | -0.0399    |
|    value_loss           | 0.0309     |
----------------------------------------
----------------------------------------
| rollout/                |            |
|    ep_len_mean          | 7.06       |
|    ep_rew_mean          | 3.87       |
| time/                   |            |
|    fps                  | 208        |
|    iterations           | 25         |
|    time_elapsed         | 61         |
|    total_timesteps      | 12800      |
| train/                  |            |
|    approx_kl            | 0.09195213 |
|    clip_fraction        | 0.195      |
|    clip_range           | 0.2        |
|    entropy_loss         | -0.257     |
|    explained_variance   | 0.98       |
|    learning_rate        | 0.0003     |
|    loss                 | -0.0447    |
|    n_updates            | 1840       |
|    policy_gradient_loss | -0.0324    |
|    value_loss           | 0.022      |
----------------------------------------
----------------------------------------
| rollout/                |            |
|    ep_len_mean          | 6.54       |
|    ep_rew_mean          | 3.62       |
| time/                   |            |
|    fps                  | 208        |
|    iterations           | 26         |
|    time_elapsed         | 63         |
|    total_timesteps      | 13312      |
| train/                  |            |
|    approx_kl            | 0.09695582 |
|    clip_fraction        | 0.202      |
|    clip_range           | 0.2        |
|    entropy_loss         | -0.252     |
|    explained_variance   | 0.977      |
|    learning_rate        | 0.0003     |
|    loss                 | -0.0397    |
|    n_updates            | 1850       |
|    policy_gradient_loss | -0.0326    |
|    value_loss           | 0.022      |
----------------------------------------
----------------------------------------
| rollout/                |            |
|    ep_len_mean          | 6.85       |
|    ep_rew_mean          | 3.67       |
| time/                   |            |
|    fps                  | 208        |
|    iterations           | 27         |
|    time_elapsed         | 66         |
|    total_timesteps      | 13824      |
| train/                  |            |
|    approx_kl            | 0.06061612 |
|    clip_fraction        | 0.188      |
|    clip_range           | 0.2        |
|    entropy_loss         | -0.242     |
|    explained_variance   | 0.979      |
|    learning_rate        | 0.0003     |
|    loss                 | -0.0752    |
|    n_updates            | 1860       |
|    policy_gradient_loss | -0.038     |
|    value_loss           | 0.0189     |
----------------------------------------
----------------------------------------
| rollout/                |            |
|    ep_len_mean          | 7.46       |
|    ep_rew_mean          | 3.59       |
| time/                   |            |
|    fps                  | 207        |
|    iterations           | 28         |
|    time_elapsed         | 69         |
|    total_timesteps      | 14336      |
| train/                  |            |
|    approx_kl            | 0.07928333 |
|    clip_fraction        | 0.183      |
|    clip_range           | 0.2        |
|    entropy_loss         | -0.242     |
|    explained_variance   | 0.958      |
|    learning_rate        | 0.0003     |
|    loss                 | -0.0554    |
|    n_updates            | 1870       |
|    policy_gradient_loss | -0.0391    |
|    value_loss           | 0.0356     |
----------------------------------------
-----------------------------------------
| rollout/                |             |
|    ep_len_mean          | 7.14        |
|    ep_rew_mean          | 3.53        |
| time/                   |             |
|    fps                  | 207         |
|    iterations           | 29          |
|    time_elapsed         | 71          |
|    total_timesteps      | 14848       |
| train/                  |             |
|    approx_kl            | 0.062393174 |
|    clip_fraction        | 0.19        |
|    clip_range           | 0.2         |
|    entropy_loss         | -0.305      |
|    explained_variance   | 0.733       |
|    learning_rate        | 0.0003      |
|    loss                 | 0.0182      |
|    n_updates            | 1880        |
|    policy_gradient_loss | 0.000359    |
|    value_loss           | 0.195       |
-----------------------------------------
-----------------------------------------
| rollout/                |             |
|    ep_len_mean          | 7.52        |
|    ep_rew_mean          | 3.86        |
| time/                   |             |
|    fps                  | 207         |
|    iterations           | 30          |
|    time_elapsed         | 74          |
|    total_timesteps      | 15360       |
| train/                  |             |
|    approx_kl            | 0.085502714 |
|    clip_fraction        | 0.184       |
|    clip_range           | 0.2         |
|    entropy_loss         | -0.235      |
|    explained_variance   | 0.964       |
|    learning_rate        | 0.0003      |
|    loss                 | -0.0405     |
|    n_updates            | 1890        |
|    policy_gradient_loss | -0.0298     |
|    value_loss           | 0.0262      |
-----------------------------------------
----------------------------------------
| rollout/                |            |
|    ep_len_mean          | 7.24       |
|    ep_rew_mean          | 3.88       |
| time/                   |            |
|    fps                  | 207        |
|    iterations           | 31         |
|    time_elapsed         | 76         |
|    total_timesteps      | 15872      |
| train/                  |            |
|    approx_kl            | 0.11326092 |
|    clip_fraction        | 0.223      |
|    clip_range           | 0.2        |
|    entropy_loss         | -0.269     |
|    explained_variance   | 0.933      |
|    learning_rate        | 0.0003     |
|    loss                 | -0.0382    |
|    n_updates            | 1900       |
|    policy_gradient_loss | -0.0313    |
|    value_loss           | 0.0595     |
----------------------------------------
----------------------------------------
| rollout/                |            |
|    ep_len_mean          | 7.23       |
|    ep_rew_mean          | 3.88       |
| time/                   |            |
|    fps                  | 207        |
|    iterations           | 32         |
|    time_elapsed         | 79         |
|    total_timesteps      | 16384      |
| train/                  |            |
|    approx_kl            | 0.08969508 |
|    clip_fraction        | 0.176      |
|    clip_range           | 0.2        |
|    entropy_loss         | -0.25      |
|    explained_variance   | 0.977      |
|    learning_rate        | 0.0003     |
|    loss                 | -0.0348    |
|    n_updates            | 1910       |
|    policy_gradient_loss | -0.0264    |
|    value_loss           | 0.0217     |
----------------------------------------
----------------------------------------
| rollout/                |            |
|    ep_len_mean          | 8.02       |
|    ep_rew_mean          | 4.2        |
| time/                   |            |
|    fps                  | 206        |
|    iterations           | 33         |
|    time_elapsed         | 81         |
|    total_timesteps      | 16896      |
| train/                  |            |
|    approx_kl            | 0.09140021 |
|    clip_fraction        | 0.21       |
|    clip_range           | 0.2        |
|    entropy_loss         | -0.27      |
|    explained_variance   | 0.964      |
|    learning_rate        | 0.0003     |
|    loss                 | -0.0548    |
|    n_updates            | 1920       |
|    policy_gradient_loss | -0.033     |
|    value_loss           | 0.0319     |
----------------------------------------
-----------------------------------------
| rollout/                |             |
|    ep_len_mean          | 7.98        |
|    ep_rew_mean          | 4.09        |
| time/                   |             |
|    fps                  | 206         |
|    iterations           | 34          |
|    time_elapsed         | 84          |
|    total_timesteps      | 17408       |
| train/                  |             |
|    approx_kl            | 0.049623117 |
|    clip_fraction        | 0.186       |
|    clip_range           | 0.2         |
|    entropy_loss         | -0.272      |
|    explained_variance   | 0.917       |
|    learning_rate        | 0.0003      |
|    loss                 | -0.0381     |
|    n_updates            | 1930        |
|    policy_gradient_loss | -0.0217     |
|    value_loss           | 0.0943      |
-----------------------------------------
----------------------------------------
| rollout/                |            |
|    ep_len_mean          | 7.44       |
|    ep_rew_mean          | 4.03       |
| time/                   |            |
|    fps                  | 206        |
|    iterations           | 35         |
|    time_elapsed         | 86         |
|    total_timesteps      | 17920      |
| train/                  |            |
|    approx_kl            | 0.08428469 |
|    clip_fraction        | 0.19       |
|    clip_range           | 0.2        |
|    entropy_loss         | -0.264     |
|    explained_variance   | 0.927      |
|    learning_rate        | 0.0003     |
|    loss                 | -0.0212    |
|    n_updates            | 1940       |
|    policy_gradient_loss | -0.0212    |
|    value_loss           | 0.0384     |
----------------------------------------
----------------------------------------
| rollout/                |            |
|    ep_len_mean          | 7.17       |
|    ep_rew_mean          | 3.81       |
| time/                   |            |
|    fps                  | 205        |
|    iterations           | 36         |
|    time_elapsed         | 89         |
|    total_timesteps      | 18432      |
| train/                  |            |
|    approx_kl            | 0.07048317 |
|    clip_fraction        | 0.201      |
|    clip_range           | 0.2        |
|    entropy_loss         | -0.297     |
|    explained_variance   | 0.972      |
|    learning_rate        | 0.0003     |
|    loss                 | -0.0519    |
|    n_updates            | 1950       |
|    policy_gradient_loss | -0.0352    |
|    value_loss           | 0.0231     |
----------------------------------------
----------------------------------------
| rollout/                |            |
|    ep_len_mean          | 7.47       |
|    ep_rew_mean          | 4          |
| time/                   |            |
|    fps                  | 205        |
|    iterations           | 37         |
|    time_elapsed         | 91         |
|    total_timesteps      | 18944      |
| train/                  |            |
|    approx_kl            | 0.07676664 |
|    clip_fraction        | 0.195      |
|    clip_range           | 0.2        |
|    entropy_loss         | -0.254     |
|    explained_variance   | 0.971      |
|    learning_rate        | 0.0003     |
|    loss                 | -0.0586    |
|    n_updates            | 1960       |
|    policy_gradient_loss | -0.0318    |
|    value_loss           | 0.0283     |
----------------------------------------
----------------------------------------
| rollout/                |            |
|    ep_len_mean          | 7.39       |
|    ep_rew_mean          | 3.91       |
| time/                   |            |
|    fps                  | 206        |
|    iterations           | 38         |
|    time_elapsed         | 94         |
|    total_timesteps      | 19456      |
| train/                  |            |
|    approx_kl            | 0.06091834 |
|    clip_fraction        | 0.196      |
|    clip_range           | 0.2        |
|    entropy_loss         | -0.252     |
|    explained_variance   | 0.972      |
|    learning_rate        | 0.0003     |
|    loss                 | -0.0553    |
|    n_updates            | 1970       |
|    policy_gradient_loss | -0.0318    |
|    value_loss           | 0.0243     |
----------------------------------------
----------------------------------------
| rollout/                |            |
|    ep_len_mean          | 7.1        |
|    ep_rew_mean          | 3.91       |
| time/                   |            |
|    fps                  | 206        |
|    iterations           | 39         |
|    time_elapsed         | 96         |
|    total_timesteps      | 19968      |
| train/                  |            |
|    approx_kl            | 0.05955935 |
|    clip_fraction        | 0.198      |
|    clip_range           | 0.2        |
|    entropy_loss         | -0.291     |
|    explained_variance   | 0.972      |
|    learning_rate        | 0.0003     |
|    loss                 | -0.00622   |
|    n_updates            | 1980       |
|    policy_gradient_loss | -0.0405    |
|    value_loss           | 0.0388     |
----------------------------------------
---------------------------------------
| rollout/                |           |
|    ep_len_mean          | 7.37      |
|    ep_rew_mean          | 4.03      |
| time/                   |           |
|    fps                  | 206       |
|    iterations           | 40        |
|    time_elapsed         | 99        |
|    total_timesteps      | 20480     |
| train/                  |           |
|    approx_kl            | 0.1448127 |
|    clip_fraction        | 0.215     |
|    clip_range           | 0.2       |
|    entropy_loss         | -0.257    |
|    explained_variance   | 0.98      |
|    learning_rate        | 0.0003    |
|    loss                 | -0.0313   |
|    n_updates            | 1990      |
|    policy_gradient_loss | -0.0276   |
|    value_loss           | 0.0185    |
---------------------------------------

--- Starting Iteration 6/10 ---
---------------------------------
| rollout/           |          |
|    ep_len_mean     | 6.31     |
|    ep_rew_mean     | 3.51     |
| time/              |          |
|    fps             | 739      |
|    iterations      | 1        |
|    time_elapsed    | 0        |
|    total_timesteps | 512      |
---------------------------------
-----------------------------------------
| rollout/                |             |
|    ep_len_mean          | 6.71        |
|    ep_rew_mean          | 3.53        |
| time/                   |             |
|    fps                  | 349         |
|    iterations           | 2           |
|    time_elapsed         | 2           |
|    total_timesteps      | 1024        |
| train/                  |             |
|    approx_kl            | 0.092998795 |
|    clip_fraction        | 0.212       |
|    clip_range           | 0.2         |
|    entropy_loss         | -0.232      |
|    explained_variance   | 0.965       |
|    learning_rate        | 0.0003      |
|    loss                 | -0.0523     |
|    n_updates            | 2010        |
|    policy_gradient_loss | -0.0387     |
|    value_loss           | 0.0269      |
-----------------------------------------
--------------------------------------
| rollout/                |          |
|    ep_len_mean          | 7        |
|    ep_rew_mean          | 3.56     |
| time/                   |          |
|    fps                  | 295      |
|    iterations           | 3        |
|    time_elapsed         | 5        |
|    total_timesteps      | 1536     |
| train/                  |          |
|    approx_kl            | 0.321753 |
|    clip_fraction        | 0.202    |
|    clip_range           | 0.2      |
|    entropy_loss         | -0.259   |
|    explained_variance   | 0.752    |
|    learning_rate        | 0.0003   |
|    loss                 | -0.0019  |
|    n_updates            | 2020     |
|    policy_gradient_loss | -0.0239  |
|    value_loss           | 0.114    |
--------------------------------------
----------------------------------------
| rollout/                |            |
|    ep_len_mean          | 7.66       |
|    ep_rew_mean          | 3.86       |
| time/                   |            |
|    fps                  | 270        |
|    iterations           | 4          |
|    time_elapsed         | 7          |
|    total_timesteps      | 2048       |
| train/                  |            |
|    approx_kl            | 0.13844611 |
|    clip_fraction        | 0.213      |
|    clip_range           | 0.2        |
|    entropy_loss         | -0.244     |
|    explained_variance   | 0.97       |
|    learning_rate        | 0.0003     |
|    loss                 | -0.0702    |
|    n_updates            | 2030       |
|    policy_gradient_loss | -0.0418    |
|    value_loss           | 0.025      |
----------------------------------------
-----------------------------------------
| rollout/                |             |
|    ep_len_mean          | 8.49        |
|    ep_rew_mean          | 3.46        |
| time/                   |             |
|    fps                  | 255         |
|    iterations           | 5           |
|    time_elapsed         | 10          |
|    total_timesteps      | 2560        |
| train/                  |             |
|    approx_kl            | 0.056654997 |
|    clip_fraction        | 0.246       |
|    clip_range           | 0.2         |
|    entropy_loss         | -0.32       |
|    explained_variance   | 0.661       |
|    learning_rate        | 0.0003      |
|    loss                 | -0.0386     |
|    n_updates            | 2040        |
|    policy_gradient_loss | -0.0223     |
|    value_loss           | 0.2         |
-----------------------------------------
----------------------------------------
| rollout/                |            |
|    ep_len_mean          | 7.31       |
|    ep_rew_mean          | 3.71       |
| time/                   |            |
|    fps                  | 243        |
|    iterations           | 6          |
|    time_elapsed         | 12         |
|    total_timesteps      | 3072       |
| train/                  |            |
|    approx_kl            | 0.10776056 |
|    clip_fraction        | 0.242      |
|    clip_range           | 0.2        |
|    entropy_loss         | -0.268     |
|    explained_variance   | 0.885      |
|    learning_rate        | 0.0003     |
|    loss                 | 0.0104     |
|    n_updates            | 2050       |
|    policy_gradient_loss | -0.0374    |
|    value_loss           | 0.119      |
----------------------------------------
----------------------------------------
| rollout/                |            |
|    ep_len_mean          | 7.51       |
|    ep_rew_mean          | 3.95       |
| time/                   |            |
|    fps                  | 238        |
|    iterations           | 7          |
|    time_elapsed         | 15         |
|    total_timesteps      | 3584       |
| train/                  |            |
|    approx_kl            | 0.05459822 |
|    clip_fraction        | 0.183      |
|    clip_range           | 0.2        |
|    entropy_loss         | -0.266     |
|    explained_variance   | 0.955      |
|    learning_rate        | 0.0003     |
|    loss                 | -0.0233    |
|    n_updates            | 2060       |
|    policy_gradient_loss | -0.0343    |
|    value_loss           | 0.0346     |
----------------------------------------
----------------------------------------
| rollout/                |            |
|    ep_len_mean          | 6.95       |
|    ep_rew_mean          | 3.72       |
| time/                   |            |
|    fps                  | 234        |
|    iterations           | 8          |
|    time_elapsed         | 17         |
|    total_timesteps      | 4096       |
| train/                  |            |
|    approx_kl            | 0.10311614 |
|    clip_fraction        | 0.199      |
|    clip_range           | 0.2        |
|    entropy_loss         | -0.219     |
|    explained_variance   | 0.978      |
|    learning_rate        | 0.0003     |
|    loss                 | -0.0486    |
|    n_updates            | 2070       |
|    policy_gradient_loss | -0.0329    |
|    value_loss           | 0.0238     |
----------------------------------------
----------------------------------------
| rollout/                |            |
|    ep_len_mean          | 7.71       |
|    ep_rew_mean          | 3.85       |
| time/                   |            |
|    fps                  | 228        |
|    iterations           | 9          |
|    time_elapsed         | 20         |
|    total_timesteps      | 4608       |
| train/                  |            |
|    approx_kl            | 0.10879131 |
|    clip_fraction        | 0.18       |
|    clip_range           | 0.2        |
|    entropy_loss         | -0.219     |
|    explained_variance   | 0.979      |
|    learning_rate        | 0.0003     |
|    loss                 | -0.0471    |
|    n_updates            | 2080       |
|    policy_gradient_loss | -0.0284    |
|    value_loss           | 0.0241     |
----------------------------------------
----------------------------------------
| rollout/                |            |
|    ep_len_mean          | 7.93       |
|    ep_rew_mean          | 3.99       |
| time/                   |            |
|    fps                  | 226        |
|    iterations           | 10         |
|    time_elapsed         | 22         |
|    total_timesteps      | 5120       |
| train/                  |            |
|    approx_kl            | 0.09520805 |
|    clip_fraction        | 0.208      |
|    clip_range           | 0.2        |
|    entropy_loss         | -0.285     |
|    explained_variance   | 0.815      |
|    learning_rate        | 0.0003     |
|    loss                 | -0.0225    |
|    n_updates            | 2090       |
|    policy_gradient_loss | -0.0357    |
|    value_loss           | 0.156      |
----------------------------------------
----------------------------------------
| rollout/                |            |
|    ep_len_mean          | 7.11       |
|    ep_rew_mean          | 3.76       |
| time/                   |            |
|    fps                  | 223        |
|    iterations           | 11         |
|    time_elapsed         | 25         |
|    total_timesteps      | 5632       |
| train/                  |            |
|    approx_kl            | 0.09037943 |
|    clip_fraction        | 0.182      |
|    clip_range           | 0.2        |
|    entropy_loss         | -0.237     |
|    explained_variance   | 0.939      |
|    learning_rate        | 0.0003     |
|    loss                 | -0.0328    |
|    n_updates            | 2100       |
|    policy_gradient_loss | -0.0225    |
|    value_loss           | 0.0385     |
----------------------------------------
----------------------------------------
| rollout/                |            |
|    ep_len_mean          | 6.84       |
|    ep_rew_mean          | 3.65       |
| time/                   |            |
|    fps                  | 221        |
|    iterations           | 12         |
|    time_elapsed         | 27         |
|    total_timesteps      | 6144       |
| train/                  |            |
|    approx_kl            | 0.11472349 |
|    clip_fraction        | 0.195      |
|    clip_range           | 0.2        |
|    entropy_loss         | -0.265     |
|    explained_variance   | 0.969      |
|    learning_rate        | 0.0003     |
|    loss                 | -0.0543    |
|    n_updates            | 2110       |
|    policy_gradient_loss | -0.0257    |
|    value_loss           | 0.0243     |
----------------------------------------
-----------------------------------------
| rollout/                |             |
|    ep_len_mean          | 6.61        |
|    ep_rew_mean          | 3.58        |
| time/                   |             |
|    fps                  | 220         |
|    iterations           | 13          |
|    time_elapsed         | 30          |
|    total_timesteps      | 6656        |
| train/                  |             |
|    approx_kl            | 0.053270087 |
|    clip_fraction        | 0.185       |
|    clip_range           | 0.2         |
|    entropy_loss         | -0.273      |
|    explained_variance   | 0.957       |
|    learning_rate        | 0.0003      |
|    loss                 | -0.0644     |
|    n_updates            | 2120        |
|    policy_gradient_loss | -0.0346     |
|    value_loss           | 0.0276      |
-----------------------------------------
----------------------------------------
| rollout/                |            |
|    ep_len_mean          | 7.33       |
|    ep_rew_mean          | 3.74       |
| time/                   |            |
|    fps                  | 219        |
|    iterations           | 14         |
|    time_elapsed         | 32         |
|    total_timesteps      | 7168       |
| train/                  |            |
|    approx_kl            | 0.15657979 |
|    clip_fraction        | 0.213      |
|    clip_range           | 0.2        |
|    entropy_loss         | -0.306     |
|    explained_variance   | 0.909      |
|    learning_rate        | 0.0003     |
|    loss                 | -0.0415    |
|    n_updates            | 2130       |
|    policy_gradient_loss | -0.0496    |
|    value_loss           | 0.0556     |
----------------------------------------
-----------------------------------------
| rollout/                |             |
|    ep_len_mean          | 6.87        |
|    ep_rew_mean          | 3.69        |
| time/                   |             |
|    fps                  | 219         |
|    iterations           | 15          |
|    time_elapsed         | 35          |
|    total_timesteps      | 7680        |
| train/                  |             |
|    approx_kl            | 0.110655315 |
|    clip_fraction        | 0.204       |
|    clip_range           | 0.2         |
|    entropy_loss         | -0.256      |
|    explained_variance   | 0.968       |
|    learning_rate        | 0.0003      |
|    loss                 | -0.0595     |
|    n_updates            | 2140        |
|    policy_gradient_loss | -0.0367     |
|    value_loss           | 0.025       |
-----------------------------------------
----------------------------------------
| rollout/                |            |
|    ep_len_mean          | 6.38       |
|    ep_rew_mean          | 3.4        |
| time/                   |            |
|    fps                  | 218        |
|    iterations           | 16         |
|    time_elapsed         | 37         |
|    total_timesteps      | 8192       |
| train/                  |            |
|    approx_kl            | 0.10487828 |
|    clip_fraction        | 0.223      |
|    clip_range           | 0.2        |
|    entropy_loss         | -0.267     |
|    explained_variance   | 0.965      |
|    learning_rate        | 0.0003     |
|    loss                 | -0.0641    |
|    n_updates            | 2150       |
|    policy_gradient_loss | -0.0395    |
|    value_loss           | 0.0232     |
----------------------------------------
---------------------------------------
| rollout/                |           |
|    ep_len_mean          | 6.41      |
|    ep_rew_mean          | 3.62      |
| time/                   |           |
|    fps                  | 218       |
|    iterations           | 17        |
|    time_elapsed         | 39        |
|    total_timesteps      | 8704      |
| train/                  |           |
|    approx_kl            | 0.1134617 |
|    clip_fraction        | 0.199     |
|    clip_range           | 0.2       |
|    entropy_loss         | -0.241    |
|    explained_variance   | 0.973     |
|    learning_rate        | 0.0003    |
|    loss                 | -0.0438   |
|    n_updates            | 2160      |
|    policy_gradient_loss | -0.0386   |
|    value_loss           | 0.0207    |
---------------------------------------
----------------------------------------
| rollout/                |            |
|    ep_len_mean          | 7.13       |
|    ep_rew_mean          | 3.73       |
| time/                   |            |
|    fps                  | 217        |
|    iterations           | 18         |
|    time_elapsed         | 42         |
|    total_timesteps      | 9216       |
| train/                  |            |
|    approx_kl            | 0.11257467 |
|    clip_fraction        | 0.22       |
|    clip_range           | 0.2        |
|    entropy_loss         | -0.263     |
|    explained_variance   | 0.976      |
|    learning_rate        | 0.0003     |
|    loss                 | -0.0581    |
|    n_updates            | 2170       |
|    policy_gradient_loss | -0.0307    |
|    value_loss           | 0.0231     |
----------------------------------------
----------------------------------------
| rollout/                |            |
|    ep_len_mean          | 7.07       |
|    ep_rew_mean          | 3.71       |
| time/                   |            |
|    fps                  | 216        |
|    iterations           | 19         |
|    time_elapsed         | 44         |
|    total_timesteps      | 9728       |
| train/                  |            |
|    approx_kl            | 0.11974695 |
|    clip_fraction        | 0.216      |
|    clip_range           | 0.2        |
|    entropy_loss         | -0.252     |
|    explained_variance   | 0.964      |
|    learning_rate        | 0.0003     |
|    loss                 | -0.00645   |
|    n_updates            | 2180       |
|    policy_gradient_loss | -0.0258    |
|    value_loss           | 0.031      |
----------------------------------------
----------------------------------------
| rollout/                |            |
|    ep_len_mean          | 6.91       |
|    ep_rew_mean          | 3.72       |
| time/                   |            |
|    fps                  | 216        |
|    iterations           | 20         |
|    time_elapsed         | 47         |
|    total_timesteps      | 10240      |
| train/                  |            |
|    approx_kl            | 0.07911627 |
|    clip_fraction        | 0.219      |
|    clip_range           | 0.2        |
|    entropy_loss         | -0.277     |
|    explained_variance   | 0.91       |
|    learning_rate        | 0.0003     |
|    loss                 | -0.0343    |
|    n_updates            | 2190       |
|    policy_gradient_loss | -0.0284    |
|    value_loss           | 0.0712     |
----------------------------------------
----------------------------------------
| rollout/                |            |
|    ep_len_mean          | 6.73       |
|    ep_rew_mean          | 3.75       |
| time/                   |            |
|    fps                  | 215        |
|    iterations           | 21         |
|    time_elapsed         | 49         |
|    total_timesteps      | 10752      |
| train/                  |            |
|    approx_kl            | 0.11523814 |
|    clip_fraction        | 0.225      |
|    clip_range           | 0.2        |
|    entropy_loss         | -0.244     |
|    explained_variance   | 0.969      |
|    learning_rate        | 0.0003     |
|    loss                 | -0.055     |
|    n_updates            | 2200       |
|    policy_gradient_loss | -0.0453    |
|    value_loss           | 0.0261     |
----------------------------------------
----------------------------------------
| rollout/                |            |
|    ep_len_mean          | 7.05       |
|    ep_rew_mean          | 3.85       |
| time/                   |            |
|    fps                  | 215        |
|    iterations           | 22         |
|    time_elapsed         | 52         |
|    total_timesteps      | 11264      |
| train/                  |            |
|    approx_kl            | 0.07476965 |
|    clip_fraction        | 0.174      |
|    clip_range           | 0.2        |
|    entropy_loss         | -0.221     |
|    explained_variance   | 0.977      |
|    learning_rate        | 0.0003     |
|    loss                 | -0.0556    |
|    n_updates            | 2210       |
|    policy_gradient_loss | -0.039     |
|    value_loss           | 0.0215     |
----------------------------------------
----------------------------------------
| rollout/                |            |
|    ep_len_mean          | 7.71       |
|    ep_rew_mean          | 4.14       |
| time/                   |            |
|    fps                  | 214        |
|    iterations           | 23         |
|    time_elapsed         | 54         |
|    total_timesteps      | 11776      |
| train/                  |            |
|    approx_kl            | 0.09361306 |
|    clip_fraction        | 0.196      |
|    clip_range           | 0.2        |
|    entropy_loss         | -0.232     |
|    explained_variance   | 0.981      |
|    learning_rate        | 0.0003     |
|    loss                 | -0.0426    |
|    n_updates            | 2220       |
|    policy_gradient_loss | -0.0312    |
|    value_loss           | 0.0191     |
----------------------------------------
----------------------------------------
| rollout/                |            |
|    ep_len_mean          | 6.62       |
|    ep_rew_mean          | 3.63       |
| time/                   |            |
|    fps                  | 213        |
|    iterations           | 24         |
|    time_elapsed         | 57         |
|    total_timesteps      | 12288      |
| train/                  |            |
|    approx_kl            | 0.11277254 |
|    clip_fraction        | 0.194      |
|    clip_range           | 0.2        |
|    entropy_loss         | -0.19      |
|    explained_variance   | 0.967      |
|    learning_rate        | 0.0003     |
|    loss                 | -0.0595    |
|    n_updates            | 2230       |
|    policy_gradient_loss | -0.0334    |
|    value_loss           | 0.0252     |
----------------------------------------
----------------------------------------
| rollout/                |            |
|    ep_len_mean          | 6.53       |
|    ep_rew_mean          | 3.61       |
| time/                   |            |
|    fps                  | 212        |
|    iterations           | 25         |
|    time_elapsed         | 60         |
|    total_timesteps      | 12800      |
| train/                  |            |
|    approx_kl            | 0.14818856 |
|    clip_fraction        | 0.221      |
|    clip_range           | 0.2        |
|    entropy_loss         | -0.199     |
|    explained_variance   | 0.972      |
|    learning_rate        | 0.0003     |
|    loss                 | -0.0422    |
|    n_updates            | 2240       |
|    policy_gradient_loss | -0.0398    |
|    value_loss           | 0.0214     |
----------------------------------------
----------------------------------------
| rollout/                |            |
|    ep_len_mean          | 6.46       |
|    ep_rew_mean          | 3.59       |
| time/                   |            |
|    fps                  | 212        |
|    iterations           | 26         |
|    time_elapsed         | 62         |
|    total_timesteps      | 13312      |
| train/                  |            |
|    approx_kl            | 0.09281194 |
|    clip_fraction        | 0.16       |
|    clip_range           | 0.2        |
|    entropy_loss         | -0.203     |
|    explained_variance   | 0.972      |
|    learning_rate        | 0.0003     |
|    loss                 | -0.038     |
|    n_updates            | 2250       |
|    policy_gradient_loss | -0.028     |
|    value_loss           | 0.0247     |
----------------------------------------
----------------------------------------
| rollout/                |            |
|    ep_len_mean          | 6.51       |
|    ep_rew_mean          | 3.46       |
| time/                   |            |
|    fps                  | 211        |
|    iterations           | 27         |
|    time_elapsed         | 65         |
|    total_timesteps      | 13824      |
| train/                  |            |
|    approx_kl            | 0.09913542 |
|    clip_fraction        | 0.159      |
|    clip_range           | 0.2        |
|    entropy_loss         | -0.156     |
|    explained_variance   | 0.978      |
|    learning_rate        | 0.0003     |
|    loss                 | -0.0394    |
|    n_updates            | 2260       |
|    policy_gradient_loss | -0.0274    |
|    value_loss           | 0.017      |
----------------------------------------
----------------------------------------
| rollout/                |            |
|    ep_len_mean          | 6.18       |
|    ep_rew_mean          | 3.45       |
| time/                   |            |
|    fps                  | 211        |
|    iterations           | 28         |
|    time_elapsed         | 67         |
|    total_timesteps      | 14336      |
| train/                  |            |
|    approx_kl            | 0.15216579 |
|    clip_fraction        | 0.204      |
|    clip_range           | 0.2        |
|    entropy_loss         | -0.193     |
|    explained_variance   | 0.924      |
|    learning_rate        | 0.0003     |
|    loss                 | -0.0487    |
|    n_updates            | 2270       |
|    policy_gradient_loss | -0.0327    |
|    value_loss           | 0.046      |
----------------------------------------
----------------------------------------
| rollout/                |            |
|    ep_len_mean          | 6.85       |
|    ep_rew_mean          | 3.78       |
| time/                   |            |
|    fps                  | 211        |
|    iterations           | 29         |
|    time_elapsed         | 70         |
|    total_timesteps      | 14848      |
| train/                  |            |
|    approx_kl            | 0.09327382 |
|    clip_fraction        | 0.17       |
|    clip_range           | 0.2        |
|    entropy_loss         | -0.189     |
|    explained_variance   | 0.979      |
|    learning_rate        | 0.0003     |
|    loss                 | -0.0468    |
|    n_updates            | 2280       |
|    policy_gradient_loss | -0.0296    |
|    value_loss           | 0.0179     |
----------------------------------------
-----------------------------------------
| rollout/                |             |
|    ep_len_mean          | 7.03        |
|    ep_rew_mean          | 3.92        |
| time/                   |             |
|    fps                  | 210         |
|    iterations           | 30          |
|    time_elapsed         | 72          |
|    total_timesteps      | 15360       |
| train/                  |             |
|    approx_kl            | 0.120211765 |
|    clip_fraction        | 0.208       |
|    clip_range           | 0.2         |
|    entropy_loss         | -0.209      |
|    explained_variance   | 0.984       |
|    learning_rate        | 0.0003      |
|    loss                 | -0.0351     |
|    n_updates            | 2290        |
|    policy_gradient_loss | -0.0233     |
|    value_loss           | 0.0188      |
-----------------------------------------
----------------------------------------
| rollout/                |            |
|    ep_len_mean          | 6.86       |
|    ep_rew_mean          | 3.77       |
| time/                   |            |
|    fps                  | 210        |
|    iterations           | 31         |
|    time_elapsed         | 75         |
|    total_timesteps      | 15872      |
| train/                  |            |
|    approx_kl            | 0.09000629 |
|    clip_fraction        | 0.174      |
|    clip_range           | 0.2        |
|    entropy_loss         | -0.189     |
|    explained_variance   | 0.977      |
|    learning_rate        | 0.0003     |
|    loss                 | -0.05      |
|    n_updates            | 2300       |
|    policy_gradient_loss | -0.0367    |
|    value_loss           | 0.0218     |
----------------------------------------
---------------------------------------
| rollout/                |           |
|    ep_len_mean          | 6.78      |
|    ep_rew_mean          | 3.83      |
| time/                   |           |
|    fps                  | 210       |
|    iterations           | 32        |
|    time_elapsed         | 77        |
|    total_timesteps      | 16384     |
| train/                  |           |
|    approx_kl            | 0.1299986 |
|    clip_fraction        | 0.182     |
|    clip_range           | 0.2       |
|    entropy_loss         | -0.193    |
|    explained_variance   | 0.982     |
|    learning_rate        | 0.0003    |
|    loss                 | -0.0392   |
|    n_updates            | 2310      |
|    policy_gradient_loss | -0.0261   |
|    value_loss           | 0.0173    |
---------------------------------------
----------------------------------------
| rollout/                |            |
|    ep_len_mean          | 7.57       |
|    ep_rew_mean          | 4.16       |
| time/                   |            |
|    fps                  | 209        |
|    iterations           | 33         |
|    time_elapsed         | 80         |
|    total_timesteps      | 16896      |
| train/                  |            |
|    approx_kl            | 0.09868213 |
|    clip_fraction        | 0.179      |
|    clip_range           | 0.2        |
|    entropy_loss         | -0.203     |
|    explained_variance   | 0.987      |
|    learning_rate        | 0.0003     |
|    loss                 | -0.058     |
|    n_updates            | 2320       |
|    policy_gradient_loss | -0.0355    |
|    value_loss           | 0.0126     |
----------------------------------------
---------------------------------------
| rollout/                |           |
|    ep_len_mean          | 6.59      |
|    ep_rew_mean          | 3.65      |
| time/                   |           |
|    fps                  | 209       |
|    iterations           | 34        |
|    time_elapsed         | 82        |
|    total_timesteps      | 17408     |
| train/                  |           |
|    approx_kl            | 0.1529172 |
|    clip_fraction        | 0.23      |
|    clip_range           | 0.2       |
|    entropy_loss         | -0.219    |
|    explained_variance   | 0.983     |
|    learning_rate        | 0.0003    |
|    loss                 | -0.0361   |
|    n_updates            | 2330      |
|    policy_gradient_loss | -0.0289   |
|    value_loss           | 0.0171    |
---------------------------------------
---------------------------------------
| rollout/                |           |
|    ep_len_mean          | 7.47      |
|    ep_rew_mean          | 3.77      |
| time/                   |           |
|    fps                  | 209       |
|    iterations           | 35        |
|    time_elapsed         | 85        |
|    total_timesteps      | 17920     |
| train/                  |           |
|    approx_kl            | 0.0790723 |
|    clip_fraction        | 0.138     |
|    clip_range           | 0.2       |
|    entropy_loss         | -0.176    |
|    explained_variance   | 0.976     |
|    learning_rate        | 0.0003    |
|    loss                 | -0.0381   |
|    n_updates            | 2340      |
|    policy_gradient_loss | -0.0271   |
|    value_loss           | 0.0233    |
---------------------------------------
----------------------------------------
| rollout/                |            |
|    ep_len_mean          | 6.91       |
|    ep_rew_mean          | 3.84       |
| time/                   |            |
|    fps                  | 209        |
|    iterations           | 36         |
|    time_elapsed         | 87         |
|    total_timesteps      | 18432      |
| train/                  |            |
|    approx_kl            | 0.22968867 |
|    clip_fraction        | 0.181      |
|    clip_range           | 0.2        |
|    entropy_loss         | -0.202     |
|    explained_variance   | 0.813      |
|    learning_rate        | 0.0003     |
|    loss                 | -0.0375    |
|    n_updates            | 2350       |
|    policy_gradient_loss | 0.00111    |
|    value_loss           | 0.0984     |
----------------------------------------
----------------------------------------
| rollout/                |            |
|    ep_len_mean          | 6.94       |
|    ep_rew_mean          | 3.8        |
| time/                   |            |
|    fps                  | 209        |
|    iterations           | 37         |
|    time_elapsed         | 90         |
|    total_timesteps      | 18944      |
| train/                  |            |
|    approx_kl            | 0.09287567 |
|    clip_fraction        | 0.146      |
|    clip_range           | 0.2        |
|    entropy_loss         | -0.196     |
|    explained_variance   | 0.921      |
|    learning_rate        | 0.0003     |
|    loss                 | -0.0385    |
|    n_updates            | 2360       |
|    policy_gradient_loss | -0.0245    |
|    value_loss           | 0.0631     |
----------------------------------------
----------------------------------------
| rollout/                |            |
|    ep_len_mean          | 6.62       |
|    ep_rew_mean          | 3.64       |
| time/                   |            |
|    fps                  | 209        |
|    iterations           | 38         |
|    time_elapsed         | 92         |
|    total_timesteps      | 19456      |
| train/                  |            |
|    approx_kl            | 0.10474629 |
|    clip_fraction        | 0.204      |
|    clip_range           | 0.2        |
|    entropy_loss         | -0.222     |
|    explained_variance   | 0.983      |
|    learning_rate        | 0.0003     |
|    loss                 | -0.035     |
|    n_updates            | 2370       |
|    policy_gradient_loss | -0.0328    |
|    value_loss           | 0.0166     |
----------------------------------------
----------------------------------------
| rollout/                |            |
|    ep_len_mean          | 7.55       |
|    ep_rew_mean          | 3.67       |
| time/                   |            |
|    fps                  | 209        |
|    iterations           | 39         |
|    time_elapsed         | 95         |
|    total_timesteps      | 19968      |
| train/                  |            |
|    approx_kl            | 0.09530787 |
|    clip_fraction        | 0.211      |
|    clip_range           | 0.2        |
|    entropy_loss         | -0.236     |
|    explained_variance   | 0.964      |
|    learning_rate        | 0.0003     |
|    loss                 | -0.0393    |
|    n_updates            | 2380       |
|    policy_gradient_loss | -0.0338    |
|    value_loss           | 0.024      |
----------------------------------------
----------------------------------------
| rollout/                |            |
|    ep_len_mean          | 7.27       |
|    ep_rew_mean          | 3.71       |
| time/                   |            |
|    fps                  | 209        |
|    iterations           | 40         |
|    time_elapsed         | 97         |
|    total_timesteps      | 20480      |
| train/                  |            |
|    approx_kl            | 0.15450652 |
|    clip_fraction        | 0.214      |
|    clip_range           | 0.2        |
|    entropy_loss         | -0.28      |
|    explained_variance   | 0.826      |
|    learning_rate        | 0.0003     |
|    loss                 | -0.00345   |
|    n_updates            | 2390       |
|    policy_gradient_loss | -0.0167    |
|    value_loss           | 0.105      |
----------------------------------------

--- Starting Iteration 7/10 ---
---------------------------------
| rollout/           |          |
|    ep_len_mean     | 5.77     |
|    ep_rew_mean     | 3.22     |
| time/              |          |
|    fps             | 850      |
|    iterations      | 1        |
|    time_elapsed    | 0        |
|    total_timesteps | 512      |
---------------------------------
----------------------------------------
| rollout/                |            |
|    ep_len_mean          | 7.04       |
|    ep_rew_mean          | 3.79       |
| time/                   |            |
|    fps                  | 327        |
|    iterations           | 2          |
|    time_elapsed         | 3          |
|    total_timesteps      | 1024       |
| train/                  |            |
|    approx_kl            | 0.15997806 |
|    clip_fraction        | 0.198      |
|    clip_range           | 0.2        |
|    entropy_loss         | -0.216     |
|    explained_variance   | 0.929      |
|    learning_rate        | 0.0003     |
|    loss                 | -0.0328    |
|    n_updates            | 2410       |
|    policy_gradient_loss | -0.0304    |
|    value_loss           | 0.0344     |
----------------------------------------
----------------------------------------
| rollout/                |            |
|    ep_len_mean          | 7.17       |
|    ep_rew_mean          | 3.88       |
| time/                   |            |
|    fps                  | 268        |
|    iterations           | 3          |
|    time_elapsed         | 5          |
|    total_timesteps      | 1536       |
| train/                  |            |
|    approx_kl            | 0.07402156 |
|    clip_fraction        | 0.19       |
|    clip_range           | 0.2        |
|    entropy_loss         | -0.223     |
|    explained_variance   | 0.964      |
|    learning_rate        | 0.0003     |
|    loss                 | -0.0422    |
|    n_updates            | 2420       |
|    policy_gradient_loss | -0.0239    |
|    value_loss           | 0.0328     |
----------------------------------------
----------------------------------------
| rollout/                |            |
|    ep_len_mean          | 6.99       |
|    ep_rew_mean          | 3.67       |
| time/                   |            |
|    fps                  | 252        |
|    iterations           | 4          |
|    time_elapsed         | 8          |
|    total_timesteps      | 2048       |
| train/                  |            |
|    approx_kl            | 0.10664995 |
|    clip_fraction        | 0.153      |
|    clip_range           | 0.2        |
|    entropy_loss         | -0.227     |
|    explained_variance   | 0.862      |
|    learning_rate        | 0.0003     |
|    loss                 | 0.00535    |
|    n_updates            | 2430       |
|    policy_gradient_loss | -0.0295    |
|    value_loss           | 0.103      |
----------------------------------------
----------------------------------------
| rollout/                |            |
|    ep_len_mean          | 7.3        |
|    ep_rew_mean          | 3.71       |
| time/                   |            |
|    fps                  | 240        |
|    iterations           | 5          |
|    time_elapsed         | 10         |
|    total_timesteps      | 2560       |
| train/                  |            |
|    approx_kl            | 0.09133008 |
|    clip_fraction        | 0.171      |
|    clip_range           | 0.2        |
|    entropy_loss         | -0.254     |
|    explained_variance   | 0.856      |
|    learning_rate        | 0.0003     |
|    loss                 | -0.0302    |
|    n_updates            | 2440       |
|    policy_gradient_loss | -0.0363    |
|    value_loss           | 0.0903     |
----------------------------------------
----------------------------------------
| rollout/                |            |
|    ep_len_mean          | 6.65       |
|    ep_rew_mean          | 3.62       |
| time/                   |            |
|    fps                  | 234        |
|    iterations           | 6          |
|    time_elapsed         | 13         |
|    total_timesteps      | 3072       |
| train/                  |            |
|    approx_kl            | 0.09478415 |
|    clip_fraction        | 0.177      |
|    clip_range           | 0.2        |
|    entropy_loss         | -0.222     |
|    explained_variance   | 0.899      |
|    learning_rate        | 0.0003     |
|    loss                 | -0.0353    |
|    n_updates            | 2450       |
|    policy_gradient_loss | -0.0255    |
|    value_loss           | 0.0834     |
----------------------------------------
----------------------------------------
| rollout/                |            |
|    ep_len_mean          | 6.98       |
|    ep_rew_mean          | 3.75       |
| time/                   |            |
|    fps                  | 228        |
|    iterations           | 7          |
|    time_elapsed         | 15         |
|    total_timesteps      | 3584       |
| train/                  |            |
|    approx_kl            | 0.11869214 |
|    clip_fraction        | 0.165      |
|    clip_range           | 0.2        |
|    entropy_loss         | -0.193     |
|    explained_variance   | 0.963      |
|    learning_rate        | 0.0003     |
|    loss                 | -0.0438    |
|    n_updates            | 2460       |
|    policy_gradient_loss | -0.0357    |
|    value_loss           | 0.0338     |
----------------------------------------
----------------------------------------
| rollout/                |            |
|    ep_len_mean          | 7.05       |
|    ep_rew_mean          | 3.93       |
| time/                   |            |
|    fps                  | 226        |
|    iterations           | 8          |
|    time_elapsed         | 18         |
|    total_timesteps      | 4096       |
| train/                  |            |
|    approx_kl            | 0.08202867 |
|    clip_fraction        | 0.157      |
|    clip_range           | 0.2        |
|    entropy_loss         | -0.183     |
|    explained_variance   | 0.97       |
|    learning_rate        | 0.0003     |
|    loss                 | -0.0386    |
|    n_updates            | 2470       |
|    policy_gradient_loss | -0.0292    |
|    value_loss           | 0.0214     |
----------------------------------------
---------------------------------------
| rollout/                |           |
|    ep_len_mean          | 7.32      |
|    ep_rew_mean          | 3.86      |
| time/                   |           |
|    fps                  | 224       |
|    iterations           | 9         |
|    time_elapsed         | 20        |
|    total_timesteps      | 4608      |
| train/                  |           |
|    approx_kl            | 0.1605947 |
|    clip_fraction        | 0.223     |
|    clip_range           | 0.2       |
|    entropy_loss         | -0.228    |
|    explained_variance   | 0.987     |
|    learning_rate        | 0.0003    |
|    loss                 | -0.0599   |
|    n_updates            | 2480      |
|    policy_gradient_loss | -0.0372   |
|    value_loss           | 0.0138    |
---------------------------------------
----------------------------------------
| rollout/                |            |
|    ep_len_mean          | 6.66       |
|    ep_rew_mean          | 3.58       |
| time/                   |            |
|    fps                  | 222        |
|    iterations           | 10         |
|    time_elapsed         | 23         |
|    total_timesteps      | 5120       |
| train/                  |            |
|    approx_kl            | 0.15740542 |
|    clip_fraction        | 0.217      |
|    clip_range           | 0.2        |
|    entropy_loss         | -0.23      |
|    explained_variance   | 0.945      |
|    learning_rate        | 0.0003     |
|    loss                 | -0.0671    |
|    n_updates            | 2490       |
|    policy_gradient_loss | -0.037     |
|    value_loss           | 0.0515     |
----------------------------------------
----------------------------------------
| rollout/                |            |
|    ep_len_mean          | 7.14       |
|    ep_rew_mean          | 3.86       |
| time/                   |            |
|    fps                  | 220        |
|    iterations           | 11         |
|    time_elapsed         | 25         |
|    total_timesteps      | 5632       |
| train/                  |            |
|    approx_kl            | 0.11733744 |
|    clip_fraction        | 0.186      |
|    clip_range           | 0.2        |
|    entropy_loss         | -0.219     |
|    explained_variance   | 0.976      |
|    learning_rate        | 0.0003     |
|    loss                 | -0.0552    |
|    n_updates            | 2500       |
|    policy_gradient_loss | -0.0294    |
|    value_loss           | 0.0167     |
----------------------------------------
----------------------------------------
| rollout/                |            |
|    ep_len_mean          | 7.05       |
|    ep_rew_mean          | 3.67       |
| time/                   |            |
|    fps                  | 219        |
|    iterations           | 12         |
|    time_elapsed         | 27         |
|    total_timesteps      | 6144       |
| train/                  |            |
|    approx_kl            | 0.08796723 |
|    clip_fraction        | 0.196      |
|    clip_range           | 0.2        |
|    entropy_loss         | -0.236     |
|    explained_variance   | 0.969      |
|    learning_rate        | 0.0003     |
|    loss                 | -0.0341    |
|    n_updates            | 2510       |
|    policy_gradient_loss | -0.0265    |
|    value_loss           | 0.0263     |
----------------------------------------
----------------------------------------
| rollout/                |            |
|    ep_len_mean          | 7.02       |
|    ep_rew_mean          | 3.76       |
| time/                   |            |
|    fps                  | 217        |
|    iterations           | 13         |
|    time_elapsed         | 30         |
|    total_timesteps      | 6656       |
| train/                  |            |
|    approx_kl            | 0.11298508 |
|    clip_fraction        | 0.192      |
|    clip_range           | 0.2        |
|    entropy_loss         | -0.225     |
|    explained_variance   | 0.975      |
|    learning_rate        | 0.0003     |
|    loss                 | -0.0589    |
|    n_updates            | 2520       |
|    policy_gradient_loss | -0.0373    |
|    value_loss           | 0.0225     |
----------------------------------------
----------------------------------------
| rollout/                |            |
|    ep_len_mean          | 7.17       |
|    ep_rew_mean          | 3.93       |
| time/                   |            |
|    fps                  | 215        |
|    iterations           | 14         |
|    time_elapsed         | 33         |
|    total_timesteps      | 7168       |
| train/                  |            |
|    approx_kl            | 0.14268377 |
|    clip_fraction        | 0.179      |
|    clip_range           | 0.2        |
|    entropy_loss         | -0.186     |
|    explained_variance   | 0.974      |
|    learning_rate        | 0.0003     |
|    loss                 | -0.0182    |
|    n_updates            | 2530       |
|    policy_gradient_loss | -0.0294    |
|    value_loss           | 0.0278     |
----------------------------------------
----------------------------------------
| rollout/                |            |
|    ep_len_mean          | 7.61       |
|    ep_rew_mean          | 4.05       |
| time/                   |            |
|    fps                  | 215        |
|    iterations           | 15         |
|    time_elapsed         | 35         |
|    total_timesteps      | 7680       |
| train/                  |            |
|    approx_kl            | 0.13857463 |
|    clip_fraction        | 0.179      |
|    clip_range           | 0.2        |
|    entropy_loss         | -0.193     |
|    explained_variance   | 0.979      |
|    learning_rate        | 0.0003     |
|    loss                 | -0.0172    |
|    n_updates            | 2540       |
|    policy_gradient_loss | -0.0261    |
|    value_loss           | 0.0164     |
----------------------------------------
----------------------------------------
| rollout/                |            |
|    ep_len_mean          | 6.58       |
|    ep_rew_mean          | 3.42       |
| time/                   |            |
|    fps                  | 214        |
|    iterations           | 16         |
|    time_elapsed         | 38         |
|    total_timesteps      | 8192       |
| train/                  |            |
|    approx_kl            | 0.15960377 |
|    clip_fraction        | 0.223      |
|    clip_range           | 0.2        |
|    entropy_loss         | -0.239     |
|    explained_variance   | 0.966      |
|    learning_rate        | 0.0003     |
|    loss                 | -0.0283    |
|    n_updates            | 2550       |
|    policy_gradient_loss | -0.0414    |
|    value_loss           | 0.0324     |
----------------------------------------
----------------------------------------
| rollout/                |            |
|    ep_len_mean          | 7.02       |
|    ep_rew_mean          | 3.81       |
| time/                   |            |
|    fps                  | 213        |
|    iterations           | 17         |
|    time_elapsed         | 40         |
|    total_timesteps      | 8704       |
| train/                  |            |
|    approx_kl            | 0.18523762 |
|    clip_fraction        | 0.212      |
|    clip_range           | 0.2        |
|    entropy_loss         | -0.221     |
|    explained_variance   | 0.977      |
|    learning_rate        | 0.0003     |
|    loss                 | -0.0325    |
|    n_updates            | 2560       |
|    policy_gradient_loss | -0.0308    |
|    value_loss           | 0.0238     |
----------------------------------------
----------------------------------------
| rollout/                |            |
|    ep_len_mean          | 5.99       |
|    ep_rew_mean          | 3.4        |
| time/                   |            |
|    fps                  | 213        |
|    iterations           | 18         |
|    time_elapsed         | 43         |
|    total_timesteps      | 9216       |
| train/                  |            |
|    approx_kl            | 0.14471921 |
|    clip_fraction        | 0.18       |
|    clip_range           | 0.2        |
|    entropy_loss         | -0.179     |
|    explained_variance   | 0.958      |
|    learning_rate        | 0.0003     |
|    loss                 | -0.027     |
|    n_updates            | 2570       |
|    policy_gradient_loss | -0.0286    |
|    value_loss           | 0.0274     |
----------------------------------------
----------------------------------------
| rollout/                |            |
|    ep_len_mean          | 6.67       |
|    ep_rew_mean          | 3.61       |
| time/                   |            |
|    fps                  | 213        |
|    iterations           | 19         |
|    time_elapsed         | 45         |
|    total_timesteps      | 9728       |
| train/                  |            |
|    approx_kl            | 0.10384114 |
|    clip_fraction        | 0.199      |
|    clip_range           | 0.2        |
|    entropy_loss         | -0.219     |
|    explained_variance   | 0.973      |
|    learning_rate        | 0.0003     |
|    loss                 | -0.0439    |
|    n_updates            | 2580       |
|    policy_gradient_loss | -0.0399    |
|    value_loss           | 0.0176     |
----------------------------------------
----------------------------------------
| rollout/                |            |
|    ep_len_mean          | 6.8        |
|    ep_rew_mean          | 3.82       |
| time/                   |            |
|    fps                  | 213        |
|    iterations           | 20         |
|    time_elapsed         | 48         |
|    total_timesteps      | 10240      |
| train/                  |            |
|    approx_kl            | 0.13791524 |
|    clip_fraction        | 0.195      |
|    clip_range           | 0.2        |
|    entropy_loss         | -0.193     |
|    explained_variance   | 0.977      |
|    learning_rate        | 0.0003     |
|    loss                 | -0.0362    |
|    n_updates            | 2590       |
|    policy_gradient_loss | -0.0271    |
|    value_loss           | 0.0225     |
----------------------------------------
----------------------------------------
| rollout/                |            |
|    ep_len_mean          | 7.04       |
|    ep_rew_mean          | 3.95       |
| time/                   |            |
|    fps                  | 212        |
|    iterations           | 21         |
|    time_elapsed         | 50         |
|    total_timesteps      | 10752      |
| train/                  |            |
|    approx_kl            | 0.12149479 |
|    clip_fraction        | 0.179      |
|    clip_range           | 0.2        |
|    entropy_loss         | -0.194     |
|    explained_variance   | 0.976      |
|    learning_rate        | 0.0003     |
|    loss                 | -0.0307    |
|    n_updates            | 2600       |
|    policy_gradient_loss | -0.0313    |
|    value_loss           | 0.0175     |
----------------------------------------
---------------------------------------
| rollout/                |           |
|    ep_len_mean          | 6.92      |
|    ep_rew_mean          | 3.57      |
| time/                   |           |
|    fps                  | 212       |
|    iterations           | 22        |
|    time_elapsed         | 53        |
|    total_timesteps      | 11264     |
| train/                  |           |
|    approx_kl            | 0.1576117 |
|    clip_fraction        | 0.191     |
|    clip_range           | 0.2       |
|    entropy_loss         | -0.193    |
|    explained_variance   | 0.986     |
|    learning_rate        | 0.0003    |
|    loss                 | -0.0554   |
|    n_updates            | 2610      |
|    policy_gradient_loss | -0.0346   |
|    value_loss           | 0.0151    |
---------------------------------------
----------------------------------------
| rollout/                |            |
|    ep_len_mean          | 7.51       |
|    ep_rew_mean          | 3.62       |
| time/                   |            |
|    fps                  | 212        |
|    iterations           | 23         |
|    time_elapsed         | 55         |
|    total_timesteps      | 11776      |
| train/                  |            |
|    approx_kl            | 0.34810644 |
|    clip_fraction        | 0.18       |
|    clip_range           | 0.2        |
|    entropy_loss         | -0.183     |
|    explained_variance   | 0.605      |
|    learning_rate        | 0.0003     |
|    loss                 | -0.0225    |
|    n_updates            | 2620       |
|    policy_gradient_loss | -0.0492    |
|    value_loss           | 0.206      |
----------------------------------------
-----------------------------------------
| rollout/                |             |
|    ep_len_mean          | 7.09        |
|    ep_rew_mean          | 3.74        |
| time/                   |             |
|    fps                  | 212         |
|    iterations           | 24          |
|    time_elapsed         | 57          |
|    total_timesteps      | 12288       |
| train/                  |             |
|    approx_kl            | 0.083271906 |
|    clip_fraction        | 0.183       |
|    clip_range           | 0.2         |
|    entropy_loss         | -0.191      |
|    explained_variance   | 0.799       |
|    learning_rate        | 0.0003      |
|    loss                 | -0.0289     |
|    n_updates            | 2630        |
|    policy_gradient_loss | -0.0505     |
|    value_loss           | 0.109       |
-----------------------------------------
----------------------------------------
| rollout/                |            |
|    ep_len_mean          | 7.71       |
|    ep_rew_mean          | 3.83       |
| time/                   |            |
|    fps                  | 211        |
|    iterations           | 25         |
|    time_elapsed         | 60         |
|    total_timesteps      | 12800      |
| train/                  |            |
|    approx_kl            | 0.17440902 |
|    clip_fraction        | 0.196      |
|    clip_range           | 0.2        |
|    entropy_loss         | -0.192     |
|    explained_variance   | 0.961      |
|    learning_rate        | 0.0003     |
|    loss                 | -0.0188    |
|    n_updates            | 2640       |
|    policy_gradient_loss | -0.0259    |
|    value_loss           | 0.0264     |
----------------------------------------
----------------------------------------
| rollout/                |            |
|    ep_len_mean          | 7.6        |
|    ep_rew_mean          | 3.87       |
| time/                   |            |
|    fps                  | 212        |
|    iterations           | 26         |
|    time_elapsed         | 62         |
|    total_timesteps      | 13312      |
| train/                  |            |
|    approx_kl            | 0.22010006 |
|    clip_fraction        | 0.208      |
|    clip_range           | 0.2        |
|    entropy_loss         | -0.243     |
|    explained_variance   | 0.853      |
|    learning_rate        | 0.0003     |
|    loss                 | -0.058     |
|    n_updates            | 2650       |
|    policy_gradient_loss | -0.0345    |
|    value_loss           | 0.112      |
----------------------------------------
----------------------------------------
| rollout/                |            |
|    ep_len_mean          | 7.63       |
|    ep_rew_mean          | 4          |
| time/                   |            |
|    fps                  | 211        |
|    iterations           | 27         |
|    time_elapsed         | 65         |
|    total_timesteps      | 13824      |
| train/                  |            |
|    approx_kl            | 0.11988348 |
|    clip_fraction        | 0.195      |
|    clip_range           | 0.2        |
|    entropy_loss         | -0.192     |
|    explained_variance   | 0.945      |
|    learning_rate        | 0.0003     |
|    loss                 | -0.0429    |
|    n_updates            | 2660       |
|    policy_gradient_loss | -0.0238    |
|    value_loss           | 0.0359     |
----------------------------------------
-----------------------------------------
| rollout/                |             |
|    ep_len_mean          | 7.51        |
|    ep_rew_mean          | 4.05        |
| time/                   |             |
|    fps                  | 211         |
|    iterations           | 28          |
|    time_elapsed         | 67          |
|    total_timesteps      | 14336       |
| train/                  |             |
|    approx_kl            | 0.106728256 |
|    clip_fraction        | 0.185       |
|    clip_range           | 0.2         |
|    entropy_loss         | -0.2        |
|    explained_variance   | 0.955       |
|    learning_rate        | 0.0003      |
|    loss                 | -0.0257     |
|    n_updates            | 2670        |
|    policy_gradient_loss | -0.024      |
|    value_loss           | 0.0305      |
-----------------------------------------
----------------------------------------
| rollout/                |            |
|    ep_len_mean          | 6.77       |
|    ep_rew_mean          | 3.69       |
| time/                   |            |
|    fps                  | 210        |
|    iterations           | 29         |
|    time_elapsed         | 70         |
|    total_timesteps      | 14848      |
| train/                  |            |
|    approx_kl            | 0.22299191 |
|    clip_fraction        | 0.229      |
|    clip_range           | 0.2        |
|    entropy_loss         | -0.197     |
|    explained_variance   | 0.974      |
|    learning_rate        | 0.0003     |
|    loss                 | -0.0551    |
|    n_updates            | 2680       |
|    policy_gradient_loss | -0.0416    |
|    value_loss           | 0.0241     |
----------------------------------------
----------------------------------------
| rollout/                |            |
|    ep_len_mean          | 6.72       |
|    ep_rew_mean          | 3.66       |
| time/                   |            |
|    fps                  | 210        |
|    iterations           | 30         |
|    time_elapsed         | 72         |
|    total_timesteps      | 15360      |
| train/                  |            |
|    approx_kl            | 0.16793299 |
|    clip_fraction        | 0.21       |
|    clip_range           | 0.2        |
|    entropy_loss         | -0.193     |
|    explained_variance   | 0.969      |
|    learning_rate        | 0.0003     |
|    loss                 | -0.0355    |
|    n_updates            | 2690       |
|    policy_gradient_loss | -0.03      |
|    value_loss           | 0.0201     |
----------------------------------------
----------------------------------------
| rollout/                |            |
|    ep_len_mean          | 6.93       |
|    ep_rew_mean          | 3.57       |
| time/                   |            |
|    fps                  | 210        |
|    iterations           | 31         |
|    time_elapsed         | 75         |
|    total_timesteps      | 15872      |
| train/                  |            |
|    approx_kl            | 0.35157666 |
|    clip_fraction        | 0.197      |
|    clip_range           | 0.2        |
|    entropy_loss         | -0.208     |
|    explained_variance   | 0.711      |
|    learning_rate        | 0.0003     |
|    loss                 | -0.0406    |
|    n_updates            | 2700       |
|    policy_gradient_loss | -0.0495    |
|    value_loss           | 0.186      |
----------------------------------------
-----------------------------------------
| rollout/                |             |
|    ep_len_mean          | 6.81        |
|    ep_rew_mean          | 3.79        |
| time/                   |             |
|    fps                  | 210         |
|    iterations           | 32          |
|    time_elapsed         | 77          |
|    total_timesteps      | 16384       |
| train/                  |             |
|    approx_kl            | 0.084678724 |
|    clip_fraction        | 0.197       |
|    clip_range           | 0.2         |
|    entropy_loss         | -0.182      |
|    explained_variance   | 0.98        |
|    learning_rate        | 0.0003      |
|    loss                 | -0.0267     |
|    n_updates            | 2710        |
|    policy_gradient_loss | -0.0249     |
|    value_loss           | 0.0205      |
-----------------------------------------
----------------------------------------
| rollout/                |            |
|    ep_len_mean          | 6.56       |
|    ep_rew_mean          | 3.62       |
| time/                   |            |
|    fps                  | 210        |
|    iterations           | 33         |
|    time_elapsed         | 80         |
|    total_timesteps      | 16896      |
| train/                  |            |
|    approx_kl            | 0.18777102 |
|    clip_fraction        | 0.187      |
|    clip_range           | 0.2        |
|    entropy_loss         | -0.178     |
|    explained_variance   | 0.978      |
|    learning_rate        | 0.0003     |
|    loss                 | -0.0457    |
|    n_updates            | 2720       |
|    policy_gradient_loss | -0.0277    |
|    value_loss           | 0.0234     |
----------------------------------------
-----------------------------------------
| rollout/                |             |
|    ep_len_mean          | 6.04        |
|    ep_rew_mean          | 3.36        |
| time/                   |             |
|    fps                  | 209         |
|    iterations           | 34          |
|    time_elapsed         | 82          |
|    total_timesteps      | 17408       |
| train/                  |             |
|    approx_kl            | 0.094960034 |
|    clip_fraction        | 0.164       |
|    clip_range           | 0.2         |
|    entropy_loss         | -0.159      |
|    explained_variance   | 0.973       |
|    learning_rate        | 0.0003      |
|    loss                 | 0.0162      |
|    n_updates            | 2730        |
|    policy_gradient_loss | -0.0179     |
|    value_loss           | 0.021       |
-----------------------------------------
----------------------------------------
| rollout/                |            |
|    ep_len_mean          | 6.37       |
|    ep_rew_mean          | 3.62       |
| time/                   |            |
|    fps                  | 209        |
|    iterations           | 35         |
|    time_elapsed         | 85         |
|    total_timesteps      | 17920      |
| train/                  |            |
|    approx_kl            | 0.14234996 |
|    clip_fraction        | 0.144      |
|    clip_range           | 0.2        |
|    entropy_loss         | -0.151     |
|    explained_variance   | 0.972      |
|    learning_rate        | 0.0003     |
|    loss                 | -0.00647   |
|    n_updates            | 2740       |
|    policy_gradient_loss | -0.0271    |
|    value_loss           | 0.0245     |
----------------------------------------
-----------------------------------------
| rollout/                |             |
|    ep_len_mean          | 6.46        |
|    ep_rew_mean          | 3.57        |
| time/                   |             |
|    fps                  | 209         |
|    iterations           | 36          |
|    time_elapsed         | 87          |
|    total_timesteps      | 18432       |
| train/                  |             |
|    approx_kl            | 0.115352646 |
|    clip_fraction        | 0.164       |
|    clip_range           | 0.2         |
|    entropy_loss         | -0.159      |
|    explained_variance   | 0.984       |
|    learning_rate        | 0.0003      |
|    loss                 | -0.0376     |
|    n_updates            | 2750        |
|    policy_gradient_loss | -0.0293     |
|    value_loss           | 0.0123      |
-----------------------------------------
----------------------------------------
| rollout/                |            |
|    ep_len_mean          | 7.08       |
|    ep_rew_mean          | 3.33       |
| time/                   |            |
|    fps                  | 209        |
|    iterations           | 37         |
|    time_elapsed         | 90         |
|    total_timesteps      | 18944      |
| train/                  |            |
|    approx_kl            | 0.13121128 |
|    clip_fraction        | 0.178      |
|    clip_range           | 0.2        |
|    entropy_loss         | -0.177     |
|    explained_variance   | 0.975      |
|    learning_rate        | 0.0003     |
|    loss                 | -0.0669    |
|    n_updates            | 2760       |
|    policy_gradient_loss | -0.0376    |
|    value_loss           | 0.0174     |
----------------------------------------
----------------------------------------
| rollout/                |            |
|    ep_len_mean          | 7.64       |
|    ep_rew_mean          | 3.48       |
| time/                   |            |
|    fps                  | 209        |
|    iterations           | 38         |
|    time_elapsed         | 92         |
|    total_timesteps      | 19456      |
| train/                  |            |
|    approx_kl            | 0.09989576 |
|    clip_fraction        | 0.193      |
|    clip_range           | 0.2        |
|    entropy_loss         | -0.25      |
|    explained_variance   | 0.336      |
|    learning_rate        | 0.0003     |
|    loss                 | -0.0109    |
|    n_updates            | 2770       |
|    policy_gradient_loss | -0.0203    |
|    value_loss           | 0.265      |
----------------------------------------
----------------------------------------
| rollout/                |            |
|    ep_len_mean          | 7.2        |
|    ep_rew_mean          | 3.78       |
| time/                   |            |
|    fps                  | 209        |
|    iterations           | 39         |
|    time_elapsed         | 95         |
|    total_timesteps      | 19968      |
| train/                  |            |
|    approx_kl            | 0.15116367 |
|    clip_fraction        | 0.2        |
|    clip_range           | 0.2        |
|    entropy_loss         | -0.204     |
|    explained_variance   | 0.96       |
|    learning_rate        | 0.0003     |
|    loss                 | -0.0503    |
|    n_updates            | 2780       |
|    policy_gradient_loss | -0.0344    |
|    value_loss           | 0.0268     |
----------------------------------------
----------------------------------------
| rollout/                |            |
|    ep_len_mean          | 6.93       |
|    ep_rew_mean          | 3.84       |
| time/                   |            |
|    fps                  | 209        |
|    iterations           | 40         |
|    time_elapsed         | 97         |
|    total_timesteps      | 20480      |
| train/                  |            |
|    approx_kl            | 0.13508734 |
|    clip_fraction        | 0.199      |
|    clip_range           | 0.2        |
|    entropy_loss         | -0.19      |
|    explained_variance   | 0.972      |
|    learning_rate        | 0.0003     |
|    loss                 | -0.0461    |
|    n_updates            | 2790       |
|    policy_gradient_loss | -0.0321    |
|    value_loss           | 0.0178     |
----------------------------------------

--- Starting Iteration 8/10 ---
---------------------------------
| rollout/           |          |
|    ep_len_mean     | 6.83     |
|    ep_rew_mean     | 3.81     |
| time/              |          |
|    fps             | 859      |
|    iterations      | 1        |
|    time_elapsed    | 0        |
|    total_timesteps | 512      |
---------------------------------
----------------------------------------
| rollout/                |            |
|    ep_len_mean          | 7.41       |
|    ep_rew_mean          | 3.59       |
| time/                   |            |
|    fps                  | 338        |
|    iterations           | 2          |
|    time_elapsed         | 3          |
|    total_timesteps      | 1024       |
| train/                  |            |
|    approx_kl            | 0.11391306 |
|    clip_fraction        | 0.146      |
|    clip_range           | 0.2        |
|    entropy_loss         | -0.182     |
|    explained_variance   | 0.983      |
|    learning_rate        | 0.0003     |
|    loss                 | -0.00724   |
|    n_updates            | 2810       |
|    policy_gradient_loss | -0.0253    |
|    value_loss           | 0.0147     |
----------------------------------------
----------------------------------------
| rollout/                |            |
|    ep_len_mean          | 7.25       |
|    ep_rew_mean          | 3.68       |
| time/                   |            |
|    fps                  | 282        |
|    iterations           | 3          |
|    time_elapsed         | 5          |
|    total_timesteps      | 1536       |
| train/                  |            |
|    approx_kl            | 0.08567586 |
|    clip_fraction        | 0.203      |
|    clip_range           | 0.2        |
|    entropy_loss         | -0.277     |
|    explained_variance   | 0.776      |
|    learning_rate        | 0.0003     |
|    loss                 | 0.0182     |
|    n_updates            | 2820       |
|    policy_gradient_loss | -0.0245    |
|    value_loss           | 0.162      |
----------------------------------------
---------------------------------------
| rollout/                |           |
|    ep_len_mean          | 6.51      |
|    ep_rew_mean          | 3.49      |
| time/                   |           |
|    fps                  | 260       |
|    iterations           | 4         |
|    time_elapsed         | 7         |
|    total_timesteps      | 2048      |
| train/                  |           |
|    approx_kl            | 0.1062934 |
|    clip_fraction        | 0.216     |
|    clip_range           | 0.2       |
|    entropy_loss         | -0.201    |
|    explained_variance   | 0.96      |
|    learning_rate        | 0.0003    |
|    loss                 | -0.025    |
|    n_updates            | 2830      |
|    policy_gradient_loss | -0.0224   |
|    value_loss           | 0.0205    |
---------------------------------------
-----------------------------------------
| rollout/                |             |
|    ep_len_mean          | 6.71        |
|    ep_rew_mean          | 3.67        |
| time/                   |             |
|    fps                  | 246         |
|    iterations           | 5           |
|    time_elapsed         | 10          |
|    total_timesteps      | 2560        |
| train/                  |             |
|    approx_kl            | 0.105698235 |
|    clip_fraction        | 0.192       |
|    clip_range           | 0.2         |
|    entropy_loss         | -0.243      |
|    explained_variance   | 0.955       |
|    learning_rate        | 0.0003      |
|    loss                 | -0.0679     |
|    n_updates            | 2840        |
|    policy_gradient_loss | -0.0357     |
|    value_loss           | 0.0295      |
-----------------------------------------
----------------------------------------
| rollout/                |            |
|    ep_len_mean          | 6.86       |
|    ep_rew_mean          | 3.7        |
| time/                   |            |
|    fps                  | 237        |
|    iterations           | 6          |
|    time_elapsed         | 12         |
|    total_timesteps      | 3072       |
| train/                  |            |
|    approx_kl            | 0.13768132 |
|    clip_fraction        | 0.196      |
|    clip_range           | 0.2        |
|    entropy_loss         | -0.21      |
|    explained_variance   | 0.984      |
|    learning_rate        | 0.0003     |
|    loss                 | -0.0489    |
|    n_updates            | 2850       |
|    policy_gradient_loss | -0.0358    |
|    value_loss           | 0.0148     |
----------------------------------------
----------------------------------------
| rollout/                |            |
|    ep_len_mean          | 6.84       |
|    ep_rew_mean          | 3.6        |
| time/                   |            |
|    fps                  | 232        |
|    iterations           | 7          |
|    time_elapsed         | 15         |
|    total_timesteps      | 3584       |
| train/                  |            |
|    approx_kl            | 0.08936648 |
|    clip_fraction        | 0.183      |
|    clip_range           | 0.2        |
|    entropy_loss         | -0.202     |
|    explained_variance   | 0.974      |
|    learning_rate        | 0.0003     |
|    loss                 | -0.0328    |
|    n_updates            | 2860       |
|    policy_gradient_loss | -0.0364    |
|    value_loss           | 0.0194     |
----------------------------------------
----------------------------------------
| rollout/                |            |
|    ep_len_mean          | 6.45       |
|    ep_rew_mean          | 3.54       |
| time/                   |            |
|    fps                  | 230        |
|    iterations           | 8          |
|    time_elapsed         | 17         |
|    total_timesteps      | 4096       |
| train/                  |            |
|    approx_kl            | 0.09948369 |
|    clip_fraction        | 0.195      |
|    clip_range           | 0.2        |
|    entropy_loss         | -0.21      |
|    explained_variance   | 0.965      |
|    learning_rate        | 0.0003     |
|    loss                 | -0.0584    |
|    n_updates            | 2870       |
|    policy_gradient_loss | -0.0325    |
|    value_loss           | 0.0282     |
----------------------------------------
----------------------------------------
| rollout/                |            |
|    ep_len_mean          | 7.03       |
|    ep_rew_mean          | 3.89       |
| time/                   |            |
|    fps                  | 226        |
|    iterations           | 9          |
|    time_elapsed         | 20         |
|    total_timesteps      | 4608       |
| train/                  |            |
|    approx_kl            | 0.14971147 |
|    clip_fraction        | 0.185      |
|    clip_range           | 0.2        |
|    entropy_loss         | -0.181     |
|    explained_variance   | 0.98       |
|    learning_rate        | 0.0003     |
|    loss                 | -0.0481    |
|    n_updates            | 2880       |
|    policy_gradient_loss | -0.0274    |
|    value_loss           | 0.0197     |
----------------------------------------
----------------------------------------
| rollout/                |            |
|    ep_len_mean          | 7.41       |
|    ep_rew_mean          | 3.94       |
| time/                   |            |
|    fps                  | 223        |
|    iterations           | 10         |
|    time_elapsed         | 22         |
|    total_timesteps      | 5120       |
| train/                  |            |
|    approx_kl            | 0.07900983 |
|    clip_fraction        | 0.165      |
|    clip_range           | 0.2        |
|    entropy_loss         | -0.168     |
|    explained_variance   | 0.985      |
|    learning_rate        | 0.0003     |
|    loss                 | -0.0578    |
|    n_updates            | 2890       |
|    policy_gradient_loss | -0.0341    |
|    value_loss           | 0.0143     |
----------------------------------------
----------------------------------------
| rollout/                |            |
|    ep_len_mean          | 6.79       |
|    ep_rew_mean          | 3.73       |
| time/                   |            |
|    fps                  | 221        |
|    iterations           | 11         |
|    time_elapsed         | 25         |
|    total_timesteps      | 5632       |
| train/                  |            |
|    approx_kl            | 0.10445512 |
|    clip_fraction        | 0.193      |
|    clip_range           | 0.2        |
|    entropy_loss         | -0.194     |
|    explained_variance   | 0.972      |
|    learning_rate        | 0.0003     |
|    loss                 | -0.0552    |
|    n_updates            | 2900       |
|    policy_gradient_loss | -0.0391    |
|    value_loss           | 0.0323     |
----------------------------------------
----------------------------------------
| rollout/                |            |
|    ep_len_mean          | 6.7        |
|    ep_rew_mean          | 3.65       |
| time/                   |            |
|    fps                  | 220        |
|    iterations           | 12         |
|    time_elapsed         | 27         |
|    total_timesteps      | 6144       |
| train/                  |            |
|    approx_kl            | 0.10437402 |
|    clip_fraction        | 0.182      |
|    clip_range           | 0.2        |
|    entropy_loss         | -0.182     |
|    explained_variance   | 0.969      |
|    learning_rate        | 0.0003     |
|    loss                 | -0.0582    |
|    n_updates            | 2910       |
|    policy_gradient_loss | -0.0279    |
|    value_loss           | 0.0209     |
----------------------------------------
-----------------------------------------
| rollout/                |             |
|    ep_len_mean          | 6.4         |
|    ep_rew_mean          | 3.58        |
| time/                   |             |
|    fps                  | 219         |
|    iterations           | 13          |
|    time_elapsed         | 30          |
|    total_timesteps      | 6656        |
| train/                  |             |
|    approx_kl            | 0.108722165 |
|    clip_fraction        | 0.173       |
|    clip_range           | 0.2         |
|    entropy_loss         | -0.205      |
|    explained_variance   | 0.97        |
|    learning_rate        | 0.0003      |
|    loss                 | -0.00546    |
|    n_updates            | 2920        |
|    policy_gradient_loss | -0.0279     |
|    value_loss           | 0.0188      |
-----------------------------------------
-----------------------------------------
| rollout/                |             |
|    ep_len_mean          | 6.88        |
|    ep_rew_mean          | 3.72        |
| time/                   |             |
|    fps                  | 218         |
|    iterations           | 14          |
|    time_elapsed         | 32          |
|    total_timesteps      | 7168        |
| train/                  |             |
|    approx_kl            | 0.069038495 |
|    clip_fraction        | 0.171       |
|    clip_range           | 0.2         |
|    entropy_loss         | -0.18       |
|    explained_variance   | 0.972       |
|    learning_rate        | 0.0003      |
|    loss                 | -0.0413     |
|    n_updates            | 2930        |
|    policy_gradient_loss | -0.0301     |
|    value_loss           | 0.0271      |
-----------------------------------------
----------------------------------------
| rollout/                |            |
|    ep_len_mean          | 7.39       |
|    ep_rew_mean          | 4.04       |
| time/                   |            |
|    fps                  | 217        |
|    iterations           | 15         |
|    time_elapsed         | 35         |
|    total_timesteps      | 7680       |
| train/                  |            |
|    approx_kl            | 0.12608445 |
|    clip_fraction        | 0.183      |
|    clip_range           | 0.2        |
|    entropy_loss         | -0.171     |
|    explained_variance   | 0.979      |
|    learning_rate        | 0.0003     |
|    loss                 | -0.0573    |
|    n_updates            | 2940       |
|    policy_gradient_loss | -0.0307    |
|    value_loss           | 0.0187     |
----------------------------------------
----------------------------------------
| rollout/                |            |
|    ep_len_mean          | 6.9        |
|    ep_rew_mean          | 3.68       |
| time/                   |            |
|    fps                  | 215        |
|    iterations           | 16         |
|    time_elapsed         | 37         |
|    total_timesteps      | 8192       |
| train/                  |            |
|    approx_kl            | 0.16579293 |
|    clip_fraction        | 0.185      |
|    clip_range           | 0.2        |
|    entropy_loss         | -0.179     |
|    explained_variance   | 0.984      |
|    learning_rate        | 0.0003     |
|    loss                 | -0.0508    |
|    n_updates            | 2950       |
|    policy_gradient_loss | -0.0281    |
|    value_loss           | 0.0146     |
----------------------------------------
-----------------------------------------
| rollout/                |             |
|    ep_len_mean          | 6.31        |
|    ep_rew_mean          | 3.48        |
| time/                   |             |
|    fps                  | 214         |
|    iterations           | 17          |
|    time_elapsed         | 40          |
|    total_timesteps      | 8704        |
| train/                  |             |
|    approx_kl            | 0.124427944 |
|    clip_fraction        | 0.21        |
|    clip_range           | 0.2         |
|    entropy_loss         | -0.213      |
|    explained_variance   | 0.974       |
|    learning_rate        | 0.0003      |
|    loss                 | -0.0529     |
|    n_updates            | 2960        |
|    policy_gradient_loss | -0.0419     |
|    value_loss           | 0.0242      |
-----------------------------------------
---------------------------------------
| rollout/                |           |
|    ep_len_mean          | 6.74      |
|    ep_rew_mean          | 3.75      |
| time/                   |           |
|    fps                  | 214       |
|    iterations           | 18        |
|    time_elapsed         | 43        |
|    total_timesteps      | 9216      |
| train/                  |           |
|    approx_kl            | 0.1147152 |
|    clip_fraction        | 0.174     |
|    clip_range           | 0.2       |
|    entropy_loss         | -0.183    |
|    explained_variance   | 0.984     |
|    learning_rate        | 0.0003    |
|    loss                 | -0.0441   |
|    n_updates            | 2970      |
|    policy_gradient_loss | -0.0373   |
|    value_loss           | 0.014     |
---------------------------------------
----------------------------------------
| rollout/                |            |
|    ep_len_mean          | 6.93       |
|    ep_rew_mean          | 3.75       |
| time/                   |            |
|    fps                  | 213        |
|    iterations           | 19         |
|    time_elapsed         | 45         |
|    total_timesteps      | 9728       |
| train/                  |            |
|    approx_kl            | 0.16489972 |
|    clip_fraction        | 0.167      |
|    clip_range           | 0.2        |
|    entropy_loss         | -0.188     |
|    explained_variance   | 0.982      |
|    learning_rate        | 0.0003     |
|    loss                 | -0.0511    |
|    n_updates            | 2980       |
|    policy_gradient_loss | -0.0321    |
|    value_loss           | 0.0165     |
----------------------------------------
----------------------------------------
| rollout/                |            |
|    ep_len_mean          | 7.16       |
|    ep_rew_mean          | 3.93       |
| time/                   |            |
|    fps                  | 213        |
|    iterations           | 20         |
|    time_elapsed         | 48         |
|    total_timesteps      | 10240      |
| train/                  |            |
|    approx_kl            | 0.13246533 |
|    clip_fraction        | 0.191      |
|    clip_range           | 0.2        |
|    entropy_loss         | -0.184     |
|    explained_variance   | 0.966      |
|    learning_rate        | 0.0003     |
|    loss                 | -0.0823    |
|    n_updates            | 2990       |
|    policy_gradient_loss | -0.035     |
|    value_loss           | 0.0229     |
----------------------------------------
----------------------------------------
| rollout/                |            |
|    ep_len_mean          | 7.16       |
|    ep_rew_mean          | 3.92       |
| time/                   |            |
|    fps                  | 212        |
|    iterations           | 21         |
|    time_elapsed         | 50         |
|    total_timesteps      | 10752      |
| train/                  |            |
|    approx_kl            | 0.09629784 |
|    clip_fraction        | 0.179      |
|    clip_range           | 0.2        |
|    entropy_loss         | -0.188     |
|    explained_variance   | 0.986      |
|    learning_rate        | 0.0003     |
|    loss                 | -0.0476    |
|    n_updates            | 3000       |
|    policy_gradient_loss | -0.0345    |
|    value_loss           | 0.0135     |
----------------------------------------
----------------------------------------
| rollout/                |            |
|    ep_len_mean          | 6.81       |
|    ep_rew_mean          | 3.76       |
| time/                   |            |
|    fps                  | 212        |
|    iterations           | 22         |
|    time_elapsed         | 53         |
|    total_timesteps      | 11264      |
| train/                  |            |
|    approx_kl            | 0.13204952 |
|    clip_fraction        | 0.155      |
|    clip_range           | 0.2        |
|    entropy_loss         | -0.157     |
|    explained_variance   | 0.981      |
|    learning_rate        | 0.0003     |
|    loss                 | -0.00729   |
|    n_updates            | 3010       |
|    policy_gradient_loss | -0.0278    |
|    value_loss           | 0.0176     |
----------------------------------------
----------------------------------------
| rollout/                |            |
|    ep_len_mean          | 6.55       |
|    ep_rew_mean          | 3.59       |
| time/                   |            |
|    fps                  | 212        |
|    iterations           | 23         |
|    time_elapsed         | 55         |
|    total_timesteps      | 11776      |
| train/                  |            |
|    approx_kl            | 0.11081403 |
|    clip_fraction        | 0.183      |
|    clip_range           | 0.2        |
|    entropy_loss         | -0.166     |
|    explained_variance   | 0.988      |
|    learning_rate        | 0.0003     |
|    loss                 | -0.0463    |
|    n_updates            | 3020       |
|    policy_gradient_loss | -0.0285    |
|    value_loss           | 0.0129     |
----------------------------------------
----------------------------------------
| rollout/                |            |
|    ep_len_mean          | 6.82       |
|    ep_rew_mean          | 3.72       |
| time/                   |            |
|    fps                  | 211        |
|    iterations           | 24         |
|    time_elapsed         | 58         |
|    total_timesteps      | 12288      |
| train/                  |            |
|    approx_kl            | 0.15035108 |
|    clip_fraction        | 0.174      |
|    clip_range           | 0.2        |
|    entropy_loss         | -0.172     |
|    explained_variance   | 0.981      |
|    learning_rate        | 0.0003     |
|    loss                 | -0.038     |
|    n_updates            | 3030       |
|    policy_gradient_loss | -0.033     |
|    value_loss           | 0.0169     |
----------------------------------------
-----------------------------------------
| rollout/                |             |
|    ep_len_mean          | 7.56        |
|    ep_rew_mean          | 4.09        |
| time/                   |             |
|    fps                  | 211         |
|    iterations           | 25          |
|    time_elapsed         | 60          |
|    total_timesteps      | 12800       |
| train/                  |             |
|    approx_kl            | 0.119392626 |
|    clip_fraction        | 0.166       |
|    clip_range           | 0.2         |
|    entropy_loss         | -0.159      |
|    explained_variance   | 0.971       |
|    learning_rate        | 0.0003      |
|    loss                 | -0.0225     |
|    n_updates            | 3040        |
|    policy_gradient_loss | -0.0345     |
|    value_loss           | 0.0215      |
-----------------------------------------
-----------------------------------------
| rollout/                |             |
|    ep_len_mean          | 7.14        |
|    ep_rew_mean          | 3.86        |
| time/                   |             |
|    fps                  | 210         |
|    iterations           | 26          |
|    time_elapsed         | 63          |
|    total_timesteps      | 13312       |
| train/                  |             |
|    approx_kl            | 0.098628625 |
|    clip_fraction        | 0.198       |
|    clip_range           | 0.2         |
|    entropy_loss         | -0.205      |
|    explained_variance   | 0.979       |
|    learning_rate        | 0.0003      |
|    loss                 | -0.0523     |
|    n_updates            | 3050        |
|    policy_gradient_loss | -0.0271     |
|    value_loss           | 0.0254      |
-----------------------------------------
----------------------------------------
| rollout/                |            |
|    ep_len_mean          | 7.16       |
|    ep_rew_mean          | 3.91       |
| time/                   |            |
|    fps                  | 210        |
|    iterations           | 27         |
|    time_elapsed         | 65         |
|    total_timesteps      | 13824      |
| train/                  |            |
|    approx_kl            | 0.20352547 |
|    clip_fraction        | 0.214      |
|    clip_range           | 0.2        |
|    entropy_loss         | -0.202     |
|    explained_variance   | 0.98       |
|    learning_rate        | 0.0003     |
|    loss                 | -0.0556    |
|    n_updates            | 3060       |
|    policy_gradient_loss | -0.029     |
|    value_loss           | 0.0177     |
----------------------------------------
----------------------------------------
| rollout/                |            |
|    ep_len_mean          | 6.29       |
|    ep_rew_mean          | 3.61       |
| time/                   |            |
|    fps                  | 210        |
|    iterations           | 28         |
|    time_elapsed         | 68         |
|    total_timesteps      | 14336      |
| train/                  |            |
|    approx_kl            | 0.11061623 |
|    clip_fraction        | 0.182      |
|    clip_range           | 0.2        |
|    entropy_loss         | -0.176     |
|    explained_variance   | 0.984      |
|    learning_rate        | 0.0003     |
|    loss                 | -0.0538    |
|    n_updates            | 3070       |
|    policy_gradient_loss | -0.0331    |
|    value_loss           | 0.0137     |
----------------------------------------
----------------------------------------
| rollout/                |            |
|    ep_len_mean          | 6.43       |
|    ep_rew_mean          | 3.66       |
| time/                   |            |
|    fps                  | 210        |
|    iterations           | 29         |
|    time_elapsed         | 70         |
|    total_timesteps      | 14848      |
| train/                  |            |
|    approx_kl            | 0.11167405 |
|    clip_fraction        | 0.163      |
|    clip_range           | 0.2        |
|    entropy_loss         | -0.164     |
|    explained_variance   | 0.987      |
|    learning_rate        | 0.0003     |
|    loss                 | -0.0301    |
|    n_updates            | 3080       |
|    policy_gradient_loss | -0.0293    |
|    value_loss           | 0.013      |
----------------------------------------
----------------------------------------
| rollout/                |            |
|    ep_len_mean          | 6.65       |
|    ep_rew_mean          | 3.66       |
| time/                   |            |
|    fps                  | 209        |
|    iterations           | 30         |
|    time_elapsed         | 73         |
|    total_timesteps      | 15360      |
| train/                  |            |
|    approx_kl            | 0.12606895 |
|    clip_fraction        | 0.174      |
|    clip_range           | 0.2        |
|    entropy_loss         | -0.179     |
|    explained_variance   | 0.987      |
|    learning_rate        | 0.0003     |
|    loss                 | -0.0641    |
|    n_updates            | 3090       |
|    policy_gradient_loss | -0.0258    |
|    value_loss           | 0.0103     |
----------------------------------------
----------------------------------------
| rollout/                |            |
|    ep_len_mean          | 6.85       |
|    ep_rew_mean          | 3.78       |
| time/                   |            |
|    fps                  | 209        |
|    iterations           | 31         |
|    time_elapsed         | 75         |
|    total_timesteps      | 15872      |
| train/                  |            |
|    approx_kl            | 0.20152822 |
|    clip_fraction        | 0.203      |
|    clip_range           | 0.2        |
|    entropy_loss         | -0.171     |
|    explained_variance   | 0.984      |
|    learning_rate        | 0.0003     |
|    loss                 | -0.0638    |
|    n_updates            | 3100       |
|    policy_gradient_loss | -0.0347    |
|    value_loss           | 0.0131     |
----------------------------------------
----------------------------------------
| rollout/                |            |
|    ep_len_mean          | 7.24       |
|    ep_rew_mean          | 3.82       |
| time/                   |            |
|    fps                  | 209        |
|    iterations           | 32         |
|    time_elapsed         | 78         |
|    total_timesteps      | 16384      |
| train/                  |            |
|    approx_kl            | 0.15538251 |
|    clip_fraction        | 0.183      |
|    clip_range           | 0.2        |
|    entropy_loss         | -0.2       |
|    explained_variance   | 0.912      |
|    learning_rate        | 0.0003     |
|    loss                 | -0.0383    |
|    n_updates            | 3110       |
|    policy_gradient_loss | -0.0331    |
|    value_loss           | 0.0554     |
----------------------------------------
----------------------------------------
| rollout/                |            |
|    ep_len_mean          | 6.72       |
|    ep_rew_mean          | 3.5        |
| time/                   |            |
|    fps                  | 209        |
|    iterations           | 33         |
|    time_elapsed         | 80         |
|    total_timesteps      | 16896      |
| train/                  |            |
|    approx_kl            | 0.15586677 |
|    clip_fraction        | 0.192      |
|    clip_range           | 0.2        |
|    entropy_loss         | -0.173     |
|    explained_variance   | 0.982      |
|    learning_rate        | 0.0003     |
|    loss                 | -0.0566    |
|    n_updates            | 3120       |
|    policy_gradient_loss | -0.0361    |
|    value_loss           | 0.016      |
----------------------------------------
----------------------------------------
| rollout/                |            |
|    ep_len_mean          | 6.85       |
|    ep_rew_mean          | 3.68       |
| time/                   |            |
|    fps                  | 209        |
|    iterations           | 34         |
|    time_elapsed         | 83         |
|    total_timesteps      | 17408      |
| train/                  |            |
|    approx_kl            | 0.10764593 |
|    clip_fraction        | 0.198      |
|    clip_range           | 0.2        |
|    entropy_loss         | -0.207     |
|    explained_variance   | 0.952      |
|    learning_rate        | 0.0003     |
|    loss                 | 0.065      |
|    n_updates            | 3130       |
|    policy_gradient_loss | -0.0308    |
|    value_loss           | 0.0392     |
----------------------------------------
----------------------------------------
| rollout/                |            |
|    ep_len_mean          | 6.94       |
|    ep_rew_mean          | 3.85       |
| time/                   |            |
|    fps                  | 208        |
|    iterations           | 35         |
|    time_elapsed         | 85         |
|    total_timesteps      | 17920      |
| train/                  |            |
|    approx_kl            | 0.15743056 |
|    clip_fraction        | 0.189      |
|    clip_range           | 0.2        |
|    entropy_loss         | -0.188     |
|    explained_variance   | 0.979      |
|    learning_rate        | 0.0003     |
|    loss                 | -0.0685    |
|    n_updates            | 3140       |
|    policy_gradient_loss | -0.036     |
|    value_loss           | 0.0196     |
----------------------------------------
----------------------------------------
| rollout/                |            |
|    ep_len_mean          | 6.27       |
|    ep_rew_mean          | 3.56       |
| time/                   |            |
|    fps                  | 208        |
|    iterations           | 36         |
|    time_elapsed         | 88         |
|    total_timesteps      | 18432      |
| train/                  |            |
|    approx_kl            | 0.15837252 |
|    clip_fraction        | 0.141      |
|    clip_range           | 0.2        |
|    entropy_loss         | -0.146     |
|    explained_variance   | 0.983      |
|    learning_rate        | 0.0003     |
|    loss                 | -0.0483    |
|    n_updates            | 3150       |
|    policy_gradient_loss | -0.0274    |
|    value_loss           | 0.0112     |
----------------------------------------
----------------------------------------
| rollout/                |            |
|    ep_len_mean          | 6.69       |
|    ep_rew_mean          | 3.64       |
| time/                   |            |
|    fps                  | 208        |
|    iterations           | 37         |
|    time_elapsed         | 90         |
|    total_timesteps      | 18944      |
| train/                  |            |
|    approx_kl            | 0.18454783 |
|    clip_fraction        | 0.179      |
|    clip_range           | 0.2        |
|    entropy_loss         | -0.152     |
|    explained_variance   | 0.989      |
|    learning_rate        | 0.0003     |
|    loss                 | -0.0426    |
|    n_updates            | 3160       |
|    policy_gradient_loss | -0.0309    |
|    value_loss           | 0.00799    |
----------------------------------------
----------------------------------------
| rollout/                |            |
|    ep_len_mean          | 7.49       |
|    ep_rew_mean          | 3.8        |
| time/                   |            |
|    fps                  | 208        |
|    iterations           | 38         |
|    time_elapsed         | 93         |
|    total_timesteps      | 19456      |
| train/                  |            |
|    approx_kl            | 0.21257494 |
|    clip_fraction        | 0.195      |
|    clip_range           | 0.2        |
|    entropy_loss         | -0.182     |
|    explained_variance   | 0.972      |
|    learning_rate        | 0.0003     |
|    loss                 | -0.0435    |
|    n_updates            | 3170       |
|    policy_gradient_loss | -0.0356    |
|    value_loss           | 0.0326     |
----------------------------------------
----------------------------------------
| rollout/                |            |
|    ep_len_mean          | 6.7        |
|    ep_rew_mean          | 3.8        |
| time/                   |            |
|    fps                  | 208        |
|    iterations           | 39         |
|    time_elapsed         | 95         |
|    total_timesteps      | 19968      |
| train/                  |            |
|    approx_kl            | 0.22015949 |
|    clip_fraction        | 0.238      |
|    clip_range           | 0.2        |
|    entropy_loss         | -0.172     |
|    explained_variance   | 0.959      |
|    learning_rate        | 0.0003     |
|    loss                 | -0.0531    |
|    n_updates            | 3180       |
|    policy_gradient_loss | -0.0337    |
|    value_loss           | 0.0395     |
----------------------------------------
----------------------------------------
| rollout/                |            |
|    ep_len_mean          | 6.65       |
|    ep_rew_mean          | 3.71       |
| time/                   |            |
|    fps                  | 208        |
|    iterations           | 40         |
|    time_elapsed         | 98         |
|    total_timesteps      | 20480      |
| train/                  |            |
|    approx_kl            | 0.13606273 |
|    clip_fraction        | 0.192      |
|    clip_range           | 0.2        |
|    entropy_loss         | -0.164     |
|    explained_variance   | 0.985      |
|    learning_rate        | 0.0003     |
|    loss                 | -0.0409    |
|    n_updates            | 3190       |
|    policy_gradient_loss | -0.0213    |
|    value_loss           | 0.0113     |
----------------------------------------

--- Starting Iteration 9/10 ---
---------------------------------
| rollout/           |          |
|    ep_len_mean     | 6.53     |
|    ep_rew_mean     | 3.71     |
| time/              |          |
|    fps             | 764      |
|    iterations      | 1        |
|    time_elapsed    | 0        |
|    total_timesteps | 512      |
---------------------------------
----------------------------------------
| rollout/                |            |
|    ep_len_mean          | 6.67       |
|    ep_rew_mean          | 3.71       |
| time/                   |            |
|    fps                  | 318        |
|    iterations           | 2          |
|    time_elapsed         | 3          |
|    total_timesteps      | 1024       |
| train/                  |            |
|    approx_kl            | 0.13576415 |
|    clip_fraction        | 0.165      |
|    clip_range           | 0.2        |
|    entropy_loss         | -0.18      |
|    explained_variance   | 0.989      |
|    learning_rate        | 0.0003     |
|    loss                 | -0.0339    |
|    n_updates            | 3210       |
|    policy_gradient_loss | -0.0294    |
|    value_loss           | 0.011      |
----------------------------------------
----------------------------------------
| rollout/                |            |
|    ep_len_mean          | 6.98       |
|    ep_rew_mean          | 3.81       |
| time/                   |            |
|    fps                  | 269        |
|    iterations           | 3          |
|    time_elapsed         | 5          |
|    total_timesteps      | 1536       |
| train/                  |            |
|    approx_kl            | 0.10451012 |
|    clip_fraction        | 0.188      |
|    clip_range           | 0.2        |
|    entropy_loss         | -0.207     |
|    explained_variance   | 0.985      |
|    learning_rate        | 0.0003     |
|    loss                 | -0.0546    |
|    n_updates            | 3220       |
|    policy_gradient_loss | -0.026     |
|    value_loss           | 0.0145     |
----------------------------------------
--------------------------------------
| rollout/                |          |
|    ep_len_mean          | 6.6      |
|    ep_rew_mean          | 3.7      |
| time/                   |          |
|    fps                  | 250      |
|    iterations           | 4        |
|    time_elapsed         | 8        |
|    total_timesteps      | 2048     |
| train/                  |          |
|    approx_kl            | 0.172203 |
|    clip_fraction        | 0.183    |
|    clip_range           | 0.2      |
|    entropy_loss         | -0.195   |
|    explained_variance   | 0.988    |
|    learning_rate        | 0.0003   |
|    loss                 | -0.0377  |
|    n_updates            | 3230     |
|    policy_gradient_loss | -0.0285  |
|    value_loss           | 0.0128   |
--------------------------------------
----------------------------------------
| rollout/                |            |
|    ep_len_mean          | 6.51       |
|    ep_rew_mean          | 3.69       |
| time/                   |            |
|    fps                  | 241        |
|    iterations           | 5          |
|    time_elapsed         | 10         |
|    total_timesteps      | 2560       |
| train/                  |            |
|    approx_kl            | 0.13223866 |
|    clip_fraction        | 0.183      |
|    clip_range           | 0.2        |
|    entropy_loss         | -0.192     |
|    explained_variance   | 0.981      |
|    learning_rate        | 0.0003     |
|    loss                 | -0.0553    |
|    n_updates            | 3240       |
|    policy_gradient_loss | -0.036     |
|    value_loss           | 0.0144     |
----------------------------------------
----------------------------------------
| rollout/                |            |
|    ep_len_mean          | 5.76       |
|    ep_rew_mean          | 3.29       |
| time/                   |            |
|    fps                  | 235        |
|    iterations           | 6          |
|    time_elapsed         | 13         |
|    total_timesteps      | 3072       |
| train/                  |            |
|    approx_kl            | 0.13025278 |
|    clip_fraction        | 0.199      |
|    clip_range           | 0.2        |
|    entropy_loss         | -0.171     |
|    explained_variance   | 0.985      |
|    learning_rate        | 0.0003     |
|    loss                 | -0.0525    |
|    n_updates            | 3250       |
|    policy_gradient_loss | -0.0309    |
|    value_loss           | 0.0112     |
----------------------------------------
----------------------------------------
| rollout/                |            |
|    ep_len_mean          | 6.65       |
|    ep_rew_mean          | 3.76       |
| time/                   |            |
|    fps                  | 231        |
|    iterations           | 7          |
|    time_elapsed         | 15         |
|    total_timesteps      | 3584       |
| train/                  |            |
|    approx_kl            | 0.30315626 |
|    clip_fraction        | 0.161      |
|    clip_range           | 0.2        |
|    entropy_loss         | -0.162     |
|    explained_variance   | 0.985      |
|    learning_rate        | 0.0003     |
|    loss                 | -0.0434    |
|    n_updates            | 3260       |
|    policy_gradient_loss | -0.029     |
|    value_loss           | 0.0119     |
----------------------------------------
---------------------------------------
| rollout/                |           |
|    ep_len_mean          | 7.29      |
|    ep_rew_mean          | 4.09      |
| time/                   |           |
|    fps                  | 227       |
|    iterations           | 8         |
|    time_elapsed         | 18        |
|    total_timesteps      | 4096      |
| train/                  |           |
|    approx_kl            | 0.1196064 |
|    clip_fraction        | 0.182     |
|    clip_range           | 0.2       |
|    entropy_loss         | -0.191    |
|    explained_variance   | 0.989     |
|    learning_rate        | 0.0003    |
|    loss                 | -0.0545   |
|    n_updates            | 3270      |
|    policy_gradient_loss | -0.0337   |
|    value_loss           | 0.0107    |
---------------------------------------
----------------------------------------
| rollout/                |            |
|    ep_len_mean          | 6.4        |
|    ep_rew_mean          | 3.49       |
| time/                   |            |
|    fps                  | 224        |
|    iterations           | 9          |
|    time_elapsed         | 20         |
|    total_timesteps      | 4608       |
| train/                  |            |
|    approx_kl            | 0.10302773 |
|    clip_fraction        | 0.176      |
|    clip_range           | 0.2        |
|    entropy_loss         | -0.175     |
|    explained_variance   | 0.989      |
|    learning_rate        | 0.0003     |
|    loss                 | -0.00355   |
|    n_updates            | 3280       |
|    policy_gradient_loss | -0.03      |
|    value_loss           | 0.0121     |
----------------------------------------
----------------------------------------
| rollout/                |            |
|    ep_len_mean          | 6.72       |
|    ep_rew_mean          | 3.74       |
| time/                   |            |
|    fps                  | 222        |
|    iterations           | 10         |
|    time_elapsed         | 23         |
|    total_timesteps      | 5120       |
| train/                  |            |
|    approx_kl            | 0.15389311 |
|    clip_fraction        | 0.156      |
|    clip_range           | 0.2        |
|    entropy_loss         | -0.178     |
|    explained_variance   | 0.941      |
|    learning_rate        | 0.0003     |
|    loss                 | -0.0231    |
|    n_updates            | 3290       |
|    policy_gradient_loss | -0.00792   |
|    value_loss           | 0.0303     |
----------------------------------------
----------------------------------------
| rollout/                |            |
|    ep_len_mean          | 6.96       |
|    ep_rew_mean          | 3.84       |
| time/                   |            |
|    fps                  | 219        |
|    iterations           | 11         |
|    time_elapsed         | 25         |
|    total_timesteps      | 5632       |
| train/                  |            |
|    approx_kl            | 0.10983272 |
|    clip_fraction        | 0.181      |
|    clip_range           | 0.2        |
|    entropy_loss         | -0.17      |
|    explained_variance   | 0.989      |
|    learning_rate        | 0.0003     |
|    loss                 | -0.0423    |
|    n_updates            | 3300       |
|    policy_gradient_loss | -0.0332    |
|    value_loss           | 0.0125     |
----------------------------------------
----------------------------------------
| rollout/                |            |
|    ep_len_mean          | 7.26       |
|    ep_rew_mean          | 3.98       |
| time/                   |            |
|    fps                  | 218        |
|    iterations           | 12         |
|    time_elapsed         | 28         |
|    total_timesteps      | 6144       |
| train/                  |            |
|    approx_kl            | 0.08726941 |
|    clip_fraction        | 0.151      |
|    clip_range           | 0.2        |
|    entropy_loss         | -0.173     |
|    explained_variance   | 0.984      |
|    learning_rate        | 0.0003     |
|    loss                 | -0.0431    |
|    n_updates            | 3310       |
|    policy_gradient_loss | -0.0275    |
|    value_loss           | 0.0178     |
----------------------------------------
----------------------------------------
| rollout/                |            |
|    ep_len_mean          | 7.86       |
|    ep_rew_mean          | 4.24       |
| time/                   |            |
|    fps                  | 217        |
|    iterations           | 13         |
|    time_elapsed         | 30         |
|    total_timesteps      | 6656       |
| train/                  |            |
|    approx_kl            | 0.15278274 |
|    clip_fraction        | 0.192      |
|    clip_range           | 0.2        |
|    entropy_loss         | -0.184     |
|    explained_variance   | 0.987      |
|    learning_rate        | 0.0003     |
|    loss                 | -0.0519    |
|    n_updates            | 3320       |
|    policy_gradient_loss | -0.0401    |
|    value_loss           | 0.0127     |
----------------------------------------
----------------------------------------
| rollout/                |            |
|    ep_len_mean          | 7.12       |
|    ep_rew_mean          | 3.9        |
| time/                   |            |
|    fps                  | 216        |
|    iterations           | 14         |
|    time_elapsed         | 33         |
|    total_timesteps      | 7168       |
| train/                  |            |
|    approx_kl            | 0.17274953 |
|    clip_fraction        | 0.207      |
|    clip_range           | 0.2        |
|    entropy_loss         | -0.221     |
|    explained_variance   | 0.979      |
|    learning_rate        | 0.0003     |
|    loss                 | -0.0857    |
|    n_updates            | 3330       |
|    policy_gradient_loss | -0.0272    |
|    value_loss           | 0.0202     |
----------------------------------------
----------------------------------------
| rollout/                |            |
|    ep_len_mean          | 6.66       |
|    ep_rew_mean          | 3.71       |
| time/                   |            |
|    fps                  | 215        |
|    iterations           | 15         |
|    time_elapsed         | 35         |
|    total_timesteps      | 7680       |
| train/                  |            |
|    approx_kl            | 0.11063738 |
|    clip_fraction        | 0.195      |
|    clip_range           | 0.2        |
|    entropy_loss         | -0.211     |
|    explained_variance   | 0.982      |
|    learning_rate        | 0.0003     |
|    loss                 | -0.0551    |
|    n_updates            | 3340       |
|    policy_gradient_loss | -0.0376    |
|    value_loss           | 0.0146     |
----------------------------------------
----------------------------------------
| rollout/                |            |
|    ep_len_mean          | 6.65       |
|    ep_rew_mean          | 3.64       |
| time/                   |            |
|    fps                  | 214        |
|    iterations           | 16         |
|    time_elapsed         | 38         |
|    total_timesteps      | 8192       |
| train/                  |            |
|    approx_kl            | 0.11520623 |
|    clip_fraction        | 0.177      |
|    clip_range           | 0.2        |
|    entropy_loss         | -0.182     |
|    explained_variance   | 0.981      |
|    learning_rate        | 0.0003     |
|    loss                 | -0.0419    |
|    n_updates            | 3350       |
|    policy_gradient_loss | -0.0321    |
|    value_loss           | 0.0139     |
----------------------------------------
---------------------------------------
| rollout/                |           |
|    ep_len_mean          | 6.98      |
|    ep_rew_mean          | 3.83      |
| time/                   |           |
|    fps                  | 214       |
|    iterations           | 17        |
|    time_elapsed         | 40        |
|    total_timesteps      | 8704      |
| train/                  |           |
|    approx_kl            | 0.1186696 |
|    clip_fraction        | 0.197     |
|    clip_range           | 0.2       |
|    entropy_loss         | -0.183    |
|    explained_variance   | 0.981     |
|    learning_rate        | 0.0003    |
|    loss                 | -0.0451   |
|    n_updates            | 3360      |
|    policy_gradient_loss | -0.0356   |
|    value_loss           | 0.0151    |
---------------------------------------
---------------------------------------
| rollout/                |           |
|    ep_len_mean          | 7.27      |
|    ep_rew_mean          | 3.84      |
| time/                   |           |
|    fps                  | 213       |
|    iterations           | 18        |
|    time_elapsed         | 43        |
|    total_timesteps      | 9216      |
| train/                  |           |
|    approx_kl            | 0.2380194 |
|    clip_fraction        | 0.188     |
|    clip_range           | 0.2       |
|    entropy_loss         | -0.184    |
|    explained_variance   | 0.982     |
|    learning_rate        | 0.0003    |
|    loss                 | -0.0317   |
|    n_updates            | 3370      |
|    policy_gradient_loss | -0.0193   |
|    value_loss           | 0.0166    |
---------------------------------------
---------------------------------------
| rollout/                |           |
|    ep_len_mean          | 7.84      |
|    ep_rew_mean          | 3.32      |
| time/                   |           |
|    fps                  | 213       |
|    iterations           | 19        |
|    time_elapsed         | 45        |
|    total_timesteps      | 9728      |
| train/                  |           |
|    approx_kl            | 0.2794168 |
|    clip_fraction        | 0.181     |
|    clip_range           | 0.2       |
|    entropy_loss         | -0.238    |
|    explained_variance   | 0.881     |
|    learning_rate        | 0.0003    |
|    loss                 | -0.0281   |
|    n_updates            | 3380      |
|    policy_gradient_loss | -0.0238   |
|    value_loss           | 0.0767    |
---------------------------------------
----------------------------------------
| rollout/                |            |
|    ep_len_mean          | 7.29       |
|    ep_rew_mean          | 3.27       |
| time/                   |            |
|    fps                  | 212        |
|    iterations           | 20         |
|    time_elapsed         | 48         |
|    total_timesteps      | 10240      |
| train/                  |            |
|    approx_kl            | 0.03154756 |
|    clip_fraction        | 0.0775     |
|    clip_range           | 0.2        |
|    entropy_loss         | -0.157     |
|    explained_variance   | -0.33      |
|    learning_rate        | 0.0003     |
|    loss                 | 0.103      |
|    n_updates            | 3390       |
|    policy_gradient_loss | -0.000556  |
|    value_loss           | 0.705      |
----------------------------------------
----------------------------------------
| rollout/                |            |
|    ep_len_mean          | 6.97       |
|    ep_rew_mean          | 3.48       |
| time/                   |            |
|    fps                  | 212        |
|    iterations           | 21         |
|    time_elapsed         | 50         |
|    total_timesteps      | 10752      |
| train/                  |            |
|    approx_kl            | 0.23583657 |
|    clip_fraction        | 0.142      |
|    clip_range           | 0.2        |
|    entropy_loss         | -0.171     |
|    explained_variance   | 0.677      |
|    learning_rate        | 0.0003     |
|    loss                 | 0.03       |
|    n_updates            | 3400       |
|    policy_gradient_loss | -0.035     |
|    value_loss           | 0.225      |
----------------------------------------
----------------------------------------
| rollout/                |            |
|    ep_len_mean          | 6.2        |
|    ep_rew_mean          | 3.44       |
| time/                   |            |
|    fps                  | 212        |
|    iterations           | 22         |
|    time_elapsed         | 53         |
|    total_timesteps      | 11264      |
| train/                  |            |
|    approx_kl            | 0.16179776 |
|    clip_fraction        | 0.165      |
|    clip_range           | 0.2        |
|    entropy_loss         | -0.17      |
|    explained_variance   | 0.964      |
|    learning_rate        | 0.0003     |
|    loss                 | 0.0153     |
|    n_updates            | 3410       |
|    policy_gradient_loss | -0.0204    |
|    value_loss           | 0.0367     |
----------------------------------------
----------------------------------------
| rollout/                |            |
|    ep_len_mean          | 7.32       |
|    ep_rew_mean          | 3.54       |
| time/                   |            |
|    fps                  | 211        |
|    iterations           | 23         |
|    time_elapsed         | 55         |
|    total_timesteps      | 11776      |
| train/                  |            |
|    approx_kl            | 0.16061106 |
|    clip_fraction        | 0.177      |
|    clip_range           | 0.2        |
|    entropy_loss         | -0.2       |
|    explained_variance   | 0.842      |
|    learning_rate        | 0.0003     |
|    loss                 | 0.0263     |
|    n_updates            | 3420       |
|    policy_gradient_loss | -0.00717   |
|    value_loss           | 0.107      |
----------------------------------------
----------------------------------------
| rollout/                |            |
|    ep_len_mean          | 6.55       |
|    ep_rew_mean          | 3.54       |
| time/                   |            |
|    fps                  | 210        |
|    iterations           | 24         |
|    time_elapsed         | 58         |
|    total_timesteps      | 12288      |
| train/                  |            |
|    approx_kl            | 0.10848493 |
|    clip_fraction        | 0.178      |
|    clip_range           | 0.2        |
|    entropy_loss         | -0.221     |
|    explained_variance   | 0.807      |
|    learning_rate        | 0.0003     |
|    loss                 | 0.0379     |
|    n_updates            | 3430       |
|    policy_gradient_loss | 0.00681    |
|    value_loss           | 0.127      |
----------------------------------------
----------------------------------------
| rollout/                |            |
|    ep_len_mean          | 6.91       |
|    ep_rew_mean          | 3.57       |
| time/                   |            |
|    fps                  | 209        |
|    iterations           | 25         |
|    time_elapsed         | 60         |
|    total_timesteps      | 12800      |
| train/                  |            |
|    approx_kl            | 0.10563799 |
|    clip_fraction        | 0.159      |
|    clip_range           | 0.2        |
|    entropy_loss         | -0.194     |
|    explained_variance   | 0.944      |
|    learning_rate        | 0.0003     |
|    loss                 | 0.0116     |
|    n_updates            | 3440       |
|    policy_gradient_loss | -0.0175    |
|    value_loss           | 0.0326     |
----------------------------------------
----------------------------------------
| rollout/                |            |
|    ep_len_mean          | 7.12       |
|    ep_rew_mean          | 3.96       |
| time/                   |            |
|    fps                  | 209        |
|    iterations           | 26         |
|    time_elapsed         | 63         |
|    total_timesteps      | 13312      |
| train/                  |            |
|    approx_kl            | 0.06254047 |
|    clip_fraction        | 0.15       |
|    clip_range           | 0.2        |
|    entropy_loss         | -0.235     |
|    explained_variance   | 0.897      |
|    learning_rate        | 0.0003     |
|    loss                 | 0.102      |
|    n_updates            | 3450       |
|    policy_gradient_loss | 0.00211    |
|    value_loss           | 0.113      |
----------------------------------------
--------------------------------------
| rollout/                |          |
|    ep_len_mean          | 7.16     |
|    ep_rew_mean          | 3.98     |
| time/                   |          |
|    fps                  | 209      |
|    iterations           | 27       |
|    time_elapsed         | 66       |
|    total_timesteps      | 13824    |
| train/                  |          |
|    approx_kl            | 0.079297 |
|    clip_fraction        | 0.153    |
|    clip_range           | 0.2      |
|    entropy_loss         | -0.191   |
|    explained_variance   | 0.632    |
|    learning_rate        | 0.0003   |
|    loss                 | -0.0412  |
|    n_updates            | 3460     |
|    policy_gradient_loss | -0.024   |
|    value_loss           | 0.102    |
--------------------------------------
---------------------------------------
| rollout/                |           |
|    ep_len_mean          | 6.83      |
|    ep_rew_mean          | 3.8       |
| time/                   |           |
|    fps                  | 209       |
|    iterations           | 28        |
|    time_elapsed         | 68        |
|    total_timesteps      | 14336     |
| train/                  |           |
|    approx_kl            | 0.1606856 |
|    clip_fraction        | 0.197     |
|    clip_range           | 0.2       |
|    entropy_loss         | -0.186    |
|    explained_variance   | 0.984     |
|    learning_rate        | 0.0003    |
|    loss                 | -0.0266   |
|    n_updates            | 3470      |
|    policy_gradient_loss | -0.0279   |
|    value_loss           | 0.0148    |
---------------------------------------
---------------------------------------
| rollout/                |           |
|    ep_len_mean          | 6.71      |
|    ep_rew_mean          | 3.73      |
| time/                   |           |
|    fps                  | 208       |
|    iterations           | 29        |
|    time_elapsed         | 71        |
|    total_timesteps      | 14848     |
| train/                  |           |
|    approx_kl            | 0.2007781 |
|    clip_fraction        | 0.213     |
|    clip_range           | 0.2       |
|    entropy_loss         | -0.206    |
|    explained_variance   | 0.951     |
|    learning_rate        | 0.0003    |
|    loss                 | -0.0581   |
|    n_updates            | 3480      |
|    policy_gradient_loss | -0.0314   |
|    value_loss           | 0.0259    |
---------------------------------------
---------------------------------------
| rollout/                |           |
|    ep_len_mean          | 7         |
|    ep_rew_mean          | 3.9       |
| time/                   |           |
|    fps                  | 208       |
|    iterations           | 30        |
|    time_elapsed         | 73        |
|    total_timesteps      | 15360     |
| train/                  |           |
|    approx_kl            | 0.1405021 |
|    clip_fraction        | 0.179     |
|    clip_range           | 0.2       |
|    entropy_loss         | -0.179    |
|    explained_variance   | 0.982     |
|    learning_rate        | 0.0003    |
|    loss                 | -0.0466   |
|    n_updates            | 3490      |
|    policy_gradient_loss | -0.0314   |
|    value_loss           | 0.0138    |
---------------------------------------
----------------------------------------
| rollout/                |            |
|    ep_len_mean          | 6.7        |
|    ep_rew_mean          | 3.68       |
| time/                   |            |
|    fps                  | 209        |
|    iterations           | 31         |
|    time_elapsed         | 75         |
|    total_timesteps      | 15872      |
| train/                  |            |
|    approx_kl            | 0.14124405 |
|    clip_fraction        | 0.18       |
|    clip_range           | 0.2        |
|    entropy_loss         | -0.167     |
|    explained_variance   | 0.987      |
|    learning_rate        | 0.0003     |
|    loss                 | -0.0411    |
|    n_updates            | 3500       |
|    policy_gradient_loss | -0.0276    |
|    value_loss           | 0.0153     |
----------------------------------------
----------------------------------------
| rollout/                |            |
|    ep_len_mean          | 6.78       |
|    ep_rew_mean          | 3.67       |
| time/                   |            |
|    fps                  | 209        |
|    iterations           | 32         |
|    time_elapsed         | 78         |
|    total_timesteps      | 16384      |
| train/                  |            |
|    approx_kl            | 0.13041924 |
|    clip_fraction        | 0.196      |
|    clip_range           | 0.2        |
|    entropy_loss         | -0.194     |
|    explained_variance   | 0.976      |
|    learning_rate        | 0.0003     |
|    loss                 | -0.046     |
|    n_updates            | 3510       |
|    policy_gradient_loss | -0.0328    |
|    value_loss           | 0.0155     |
----------------------------------------
----------------------------------------
| rollout/                |            |
|    ep_len_mean          | 7.42       |
|    ep_rew_mean          | 4.02       |
| time/                   |            |
|    fps                  | 209        |
|    iterations           | 33         |
|    time_elapsed         | 80         |
|    total_timesteps      | 16896      |
| train/                  |            |
|    approx_kl            | 0.14907502 |
|    clip_fraction        | 0.205      |
|    clip_range           | 0.2        |
|    entropy_loss         | -0.198     |
|    explained_variance   | 0.976      |
|    learning_rate        | 0.0003     |
|    loss                 | -0.0645    |
|    n_updates            | 3520       |
|    policy_gradient_loss | -0.0389    |
|    value_loss           | 0.0243     |
----------------------------------------
----------------------------------------
| rollout/                |            |
|    ep_len_mean          | 7.96       |
|    ep_rew_mean          | 3.71       |
| time/                   |            |
|    fps                  | 209        |
|    iterations           | 34         |
|    time_elapsed         | 83         |
|    total_timesteps      | 17408      |
| train/                  |            |
|    approx_kl            | 0.13791728 |
|    clip_fraction        | 0.213      |
|    clip_range           | 0.2        |
|    entropy_loss         | -0.192     |
|    explained_variance   | 0.987      |
|    learning_rate        | 0.0003     |
|    loss                 | -0.0439    |
|    n_updates            | 3530       |
|    policy_gradient_loss | -0.0331    |
|    value_loss           | 0.0126     |
----------------------------------------
----------------------------------------
| rollout/                |            |
|    ep_len_mean          | 7.64       |
|    ep_rew_mean          | 3.63       |
| time/                   |            |
|    fps                  | 209        |
|    iterations           | 35         |
|    time_elapsed         | 85         |
|    total_timesteps      | 17920      |
| train/                  |            |
|    approx_kl            | 0.07470884 |
|    clip_fraction        | 0.202      |
|    clip_range           | 0.2        |
|    entropy_loss         | -0.228     |
|    explained_variance   | 0.499      |
|    learning_rate        | 0.0003     |
|    loss                 | 0.0487     |
|    n_updates            | 3540       |
|    policy_gradient_loss | 0.0406     |
|    value_loss           | 0.383      |
----------------------------------------
-----------------------------------------
| rollout/                |             |
|    ep_len_mean          | 7.1         |
|    ep_rew_mean          | 3.97        |
| time/                   |             |
|    fps                  | 209         |
|    iterations           | 36          |
|    time_elapsed         | 88          |
|    total_timesteps      | 18432       |
| train/                  |             |
|    approx_kl            | 0.112994656 |
|    clip_fraction        | 0.178       |
|    clip_range           | 0.2         |
|    entropy_loss         | -0.19       |
|    explained_variance   | 0.968       |
|    learning_rate        | 0.0003      |
|    loss                 | -0.0385     |
|    n_updates            | 3550        |
|    policy_gradient_loss | -0.0342     |
|    value_loss           | 0.0195      |
-----------------------------------------
----------------------------------------
| rollout/                |            |
|    ep_len_mean          | 7.95       |
|    ep_rew_mean          | 3.81       |
| time/                   |            |
|    fps                  | 208        |
|    iterations           | 37         |
|    time_elapsed         | 90         |
|    total_timesteps      | 18944      |
| train/                  |            |
|    approx_kl            | 0.16898301 |
|    clip_fraction        | 0.172      |
|    clip_range           | 0.2        |
|    entropy_loss         | -0.163     |
|    explained_variance   | 0.965      |
|    learning_rate        | 0.0003     |
|    loss                 | -0.0363    |
|    n_updates            | 3560       |
|    policy_gradient_loss | -0.0339    |
|    value_loss           | 0.0228     |
----------------------------------------
---------------------------------------
| rollout/                |           |
|    ep_len_mean          | 7.68      |
|    ep_rew_mean          | 3.73      |
| time/                   |           |
|    fps                  | 208       |
|    iterations           | 38        |
|    time_elapsed         | 93        |
|    total_timesteps      | 19456     |
| train/                  |           |
|    approx_kl            | 0.5841132 |
|    clip_fraction        | 0.224     |
|    clip_range           | 0.2       |
|    entropy_loss         | -0.183    |
|    explained_variance   | 0.708     |
|    learning_rate        | 0.0003    |
|    loss                 | -0.0333   |
|    n_updates            | 3570      |
|    policy_gradient_loss | -0.0352   |
|    value_loss           | 0.163     |
---------------------------------------
-----------------------------------------
| rollout/                |             |
|    ep_len_mean          | 6.46        |
|    ep_rew_mean          | 3.62        |
| time/                   |             |
|    fps                  | 208         |
|    iterations           | 39          |
|    time_elapsed         | 95          |
|    total_timesteps      | 19968       |
| train/                  |             |
|    approx_kl            | 0.103620134 |
|    clip_fraction        | 0.172       |
|    clip_range           | 0.2         |
|    entropy_loss         | -0.155      |
|    explained_variance   | 0.974       |
|    learning_rate        | 0.0003      |
|    loss                 | -0.0331     |
|    n_updates            | 3580        |
|    policy_gradient_loss | -0.0295     |
|    value_loss           | 0.0236      |
-----------------------------------------
----------------------------------------
| rollout/                |            |
|    ep_len_mean          | 6.94       |
|    ep_rew_mean          | 3.62       |
| time/                   |            |
|    fps                  | 207        |
|    iterations           | 40         |
|    time_elapsed         | 98         |
|    total_timesteps      | 20480      |
| train/                  |            |
|    approx_kl            | 0.15142931 |
|    clip_fraction        | 0.163      |
|    clip_range           | 0.2        |
|    entropy_loss         | -0.167     |
|    explained_variance   | 0.954      |
|    learning_rate        | 0.0003     |
|    loss                 | -0.0145    |
|    n_updates            | 3590       |
|    policy_gradient_loss | -0.0125    |
|    value_loss           | 0.0276     |
----------------------------------------

--- Starting Iteration 10/10 ---
---------------------------------
| rollout/           |          |
|    ep_len_mean     | 6.24     |
|    ep_rew_mean     | 3.6      |
| time/              |          |
|    fps             | 835      |
|    iterations      | 1        |
|    time_elapsed    | 0        |
|    total_timesteps | 512      |
---------------------------------
----------------------------------------
| rollout/                |            |
|    ep_len_mean          | 6.69       |
|    ep_rew_mean          | 3.71       |
| time/                   |            |
|    fps                  | 321        |
|    iterations           | 2          |
|    time_elapsed         | 3          |
|    total_timesteps      | 1024       |
| train/                  |            |
|    approx_kl            | 0.17739978 |
|    clip_fraction        | 0.165      |
|    clip_range           | 0.2        |
|    entropy_loss         | -0.166     |
|    explained_variance   | 0.925      |
|    learning_rate        | 0.0003     |
|    loss                 | -0.0343    |
|    n_updates            | 3610       |
|    policy_gradient_loss | -0.0323    |
|    value_loss           | 0.0479     |
----------------------------------------
----------------------------------------
| rollout/                |            |
|    ep_len_mean          | 7.23       |
|    ep_rew_mean          | 4          |
| time/                   |            |
|    fps                  | 268        |
|    iterations           | 3          |
|    time_elapsed         | 5          |
|    total_timesteps      | 1536       |
| train/                  |            |
|    approx_kl            | 0.11941684 |
|    clip_fraction        | 0.156      |
|    clip_range           | 0.2        |
|    entropy_loss         | -0.159     |
|    explained_variance   | 0.979      |
|    learning_rate        | 0.0003     |
|    loss                 | -0.0392    |
|    n_updates            | 3620       |
|    policy_gradient_loss | -0.0219    |
|    value_loss           | 0.0139     |
----------------------------------------
----------------------------------------
| rollout/                |            |
|    ep_len_mean          | 7.39       |
|    ep_rew_mean          | 3.99       |
| time/                   |            |
|    fps                  | 246        |
|    iterations           | 4          |
|    time_elapsed         | 8          |
|    total_timesteps      | 2048       |
| train/                  |            |
|    approx_kl            | 0.17886497 |
|    clip_fraction        | 0.169      |
|    clip_range           | 0.2        |
|    entropy_loss         | -0.168     |
|    explained_variance   | 0.985      |
|    learning_rate        | 0.0003     |
|    loss                 | -0.0385    |
|    n_updates            | 3630       |
|    policy_gradient_loss | -0.0276    |
|    value_loss           | 0.0142     |
----------------------------------------
----------------------------------------
| rollout/                |            |
|    ep_len_mean          | 7.47       |
|    ep_rew_mean          | 3.69       |
| time/                   |            |
|    fps                  | 235        |
|    iterations           | 5          |
|    time_elapsed         | 10         |
|    total_timesteps      | 2560       |
| train/                  |            |
|    approx_kl            | 0.24306521 |
|    clip_fraction        | 0.194      |
|    clip_range           | 0.2        |
|    entropy_loss         | -0.177     |
|    explained_variance   | 0.956      |
|    learning_rate        | 0.0003     |
|    loss                 | -0.0282    |
|    n_updates            | 3640       |
|    policy_gradient_loss | -0.0243    |
|    value_loss           | 0.0364     |
----------------------------------------
----------------------------------------
| rollout/                |            |
|    ep_len_mean          | 7.8        |
|    ep_rew_mean          | 3.85       |
| time/                   |            |
|    fps                  | 232        |
|    iterations           | 6          |
|    time_elapsed         | 13         |
|    total_timesteps      | 3072       |
| train/                  |            |
|    approx_kl            | 0.15115082 |
|    clip_fraction        | 0.171      |
|    clip_range           | 0.2        |
|    entropy_loss         | -0.209     |
|    explained_variance   | 0.836      |
|    learning_rate        | 0.0003     |
|    loss                 | -0.0173    |
|    n_updates            | 3650       |
|    policy_gradient_loss | 1.3e-06    |
|    value_loss           | 0.104      |
----------------------------------------
----------------------------------------
| rollout/                |            |
|    ep_len_mean          | 6.9        |
|    ep_rew_mean          | 3.83       |
| time/                   |            |
|    fps                  | 230        |
|    iterations           | 7          |
|    time_elapsed         | 15         |
|    total_timesteps      | 3584       |
| train/                  |            |
|    approx_kl            | 0.14018907 |
|    clip_fraction        | 0.179      |
|    clip_range           | 0.2        |
|    entropy_loss         | -0.167     |
|    explained_variance   | 0.955      |
|    learning_rate        | 0.0003     |
|    loss                 | -0.0138    |
|    n_updates            | 3660       |
|    policy_gradient_loss | -0.034     |
|    value_loss           | 0.045      |
----------------------------------------
---------------------------------------
| rollout/                |           |
|    ep_len_mean          | 6.79      |
|    ep_rew_mean          | 3.79      |
| time/                   |           |
|    fps                  | 227       |
|    iterations           | 8         |
|    time_elapsed         | 18        |
|    total_timesteps      | 4096      |
| train/                  |           |
|    approx_kl            | 0.1192803 |
|    clip_fraction        | 0.16      |
|    clip_range           | 0.2       |
|    entropy_loss         | -0.151    |
|    explained_variance   | 0.975     |
|    learning_rate        | 0.0003    |
|    loss                 | -0.0311   |
|    n_updates            | 3670      |
|    policy_gradient_loss | -0.0249   |
|    value_loss           | 0.0154    |
---------------------------------------
----------------------------------------
| rollout/                |            |
|    ep_len_mean          | 6.1        |
|    ep_rew_mean          | 3.51       |
| time/                   |            |
|    fps                  | 228        |
|    iterations           | 9          |
|    time_elapsed         | 20         |
|    total_timesteps      | 4608       |
| train/                  |            |
|    approx_kl            | 0.20441093 |
|    clip_fraction        | 0.153      |
|    clip_range           | 0.2        |
|    entropy_loss         | -0.153     |
|    explained_variance   | 0.928      |
|    learning_rate        | 0.0003     |
|    loss                 | -0.0172    |
|    n_updates            | 3680       |
|    policy_gradient_loss | -0.0261    |
|    value_loss           | 0.0558     |
----------------------------------------
----------------------------------------
| rollout/                |            |
|    ep_len_mean          | 6.86       |
|    ep_rew_mean          | 3.59       |
| time/                   |            |
|    fps                  | 224        |
|    iterations           | 10         |
|    time_elapsed         | 22         |
|    total_timesteps      | 5120       |
| train/                  |            |
|    approx_kl            | 0.10072354 |
|    clip_fraction        | 0.129      |
|    clip_range           | 0.2        |
|    entropy_loss         | -0.13      |
|    explained_variance   | 0.979      |
|    learning_rate        | 0.0003     |
|    loss                 | -0.0365    |
|    n_updates            | 3690       |
|    policy_gradient_loss | -0.024     |
|    value_loss           | 0.0174     |
----------------------------------------
----------------------------------------
| rollout/                |            |
|    ep_len_mean          | 6.9        |
|    ep_rew_mean          | 3.61       |
| time/                   |            |
|    fps                  | 221        |
|    iterations           | 11         |
|    time_elapsed         | 25         |
|    total_timesteps      | 5632       |
| train/                  |            |
|    approx_kl            | 0.10057676 |
|    clip_fraction        | 0.189      |
|    clip_range           | 0.2        |
|    entropy_loss         | -0.162     |
|    explained_variance   | 0.946      |
|    learning_rate        | 0.0003     |
|    loss                 | -0.0139    |
|    n_updates            | 3700       |
|    policy_gradient_loss | -0.0416    |
|    value_loss           | 0.0668     |
----------------------------------------
----------------------------------------
| rollout/                |            |
|    ep_len_mean          | 7.28       |
|    ep_rew_mean          | 4          |
| time/                   |            |
|    fps                  | 219        |
|    iterations           | 12         |
|    time_elapsed         | 27         |
|    total_timesteps      | 6144       |
| train/                  |            |
|    approx_kl            | 0.21336916 |
|    clip_fraction        | 0.187      |
|    clip_range           | 0.2        |
|    entropy_loss         | -0.144     |
|    explained_variance   | 0.975      |
|    learning_rate        | 0.0003     |
|    loss                 | -0.0337    |
|    n_updates            | 3710       |
|    policy_gradient_loss | -0.0345    |
|    value_loss           | 0.0239     |
----------------------------------------
----------------------------------------
| rollout/                |            |
|    ep_len_mean          | 7.01       |
|    ep_rew_mean          | 3.91       |
| time/                   |            |
|    fps                  | 219        |
|    iterations           | 13         |
|    time_elapsed         | 30         |
|    total_timesteps      | 6656       |
| train/                  |            |
|    approx_kl            | 0.10244585 |
|    clip_fraction        | 0.164      |
|    clip_range           | 0.2        |
|    entropy_loss         | -0.14      |
|    explained_variance   | 0.973      |
|    learning_rate        | 0.0003     |
|    loss                 | -0.0396    |
|    n_updates            | 3720       |
|    policy_gradient_loss | -0.03      |
|    value_loss           | 0.0176     |
----------------------------------------
----------------------------------------
| rollout/                |            |
|    ep_len_mean          | 7.01       |
|    ep_rew_mean          | 3.88       |
| time/                   |            |
|    fps                  | 218        |
|    iterations           | 14         |
|    time_elapsed         | 32         |
|    total_timesteps      | 7168       |
| train/                  |            |
|    approx_kl            | 0.19997846 |
|    clip_fraction        | 0.166      |
|    clip_range           | 0.2        |
|    entropy_loss         | -0.159     |
|    explained_variance   | 0.984      |
|    learning_rate        | 0.0003     |
|    loss                 | -0.0282    |
|    n_updates            | 3730       |
|    policy_gradient_loss | -0.0315    |
|    value_loss           | 0.0135     |
----------------------------------------
----------------------------------------
| rollout/                |            |
|    ep_len_mean          | 6.39       |
|    ep_rew_mean          | 3.47       |
| time/                   |            |
|    fps                  | 216        |
|    iterations           | 15         |
|    time_elapsed         | 35         |
|    total_timesteps      | 7680       |
| train/                  |            |
|    approx_kl            | 0.12122413 |
|    clip_fraction        | 0.182      |
|    clip_range           | 0.2        |
|    entropy_loss         | -0.162     |
|    explained_variance   | 0.979      |
|    learning_rate        | 0.0003     |
|    loss                 | -0.0504    |
|    n_updates            | 3740       |
|    policy_gradient_loss | -0.03      |
|    value_loss           | 0.0189     |
----------------------------------------
----------------------------------------
| rollout/                |            |
|    ep_len_mean          | 6.34       |
|    ep_rew_mean          | 3.46       |
| time/                   |            |
|    fps                  | 215        |
|    iterations           | 16         |
|    time_elapsed         | 37         |
|    total_timesteps      | 8192       |
| train/                  |            |
|    approx_kl            | 0.21074827 |
|    clip_fraction        | 0.171      |
|    clip_range           | 0.2        |
|    entropy_loss         | -0.135     |
|    explained_variance   | 0.974      |
|    learning_rate        | 0.0003     |
|    loss                 | -0.0173    |
|    n_updates            | 3750       |
|    policy_gradient_loss | -0.0324    |
|    value_loss           | 0.0231     |
----------------------------------------
----------------------------------------
| rollout/                |            |
|    ep_len_mean          | 6.9        |
|    ep_rew_mean          | 3.76       |
| time/                   |            |
|    fps                  | 215        |
|    iterations           | 17         |
|    time_elapsed         | 40         |
|    total_timesteps      | 8704       |
| train/                  |            |
|    approx_kl            | 0.29754013 |
|    clip_fraction        | 0.18       |
|    clip_range           | 0.2        |
|    entropy_loss         | -0.144     |
|    explained_variance   | 0.972      |
|    learning_rate        | 0.0003     |
|    loss                 | -0.051     |
|    n_updates            | 3760       |
|    policy_gradient_loss | -0.0401    |
|    value_loss           | 0.0202     |
----------------------------------------
----------------------------------------
| rollout/                |            |
|    ep_len_mean          | 6.89       |
|    ep_rew_mean          | 3.75       |
| time/                   |            |
|    fps                  | 214        |
|    iterations           | 18         |
|    time_elapsed         | 43         |
|    total_timesteps      | 9216       |
| train/                  |            |
|    approx_kl            | 0.23532315 |
|    clip_fraction        | 0.182      |
|    clip_range           | 0.2        |
|    entropy_loss         | -0.138     |
|    explained_variance   | 0.959      |
|    learning_rate        | 0.0003     |
|    loss                 | -0.0179    |
|    n_updates            | 3770       |
|    policy_gradient_loss | -0.0221    |
|    value_loss           | 0.0284     |
----------------------------------------
---------------------------------------
| rollout/                |           |
|    ep_len_mean          | 7.31      |
|    ep_rew_mean          | 3.79      |
| time/                   |           |
|    fps                  | 213       |
|    iterations           | 19        |
|    time_elapsed         | 45        |
|    total_timesteps      | 9728      |
| train/                  |           |
|    approx_kl            | 0.1543454 |
|    clip_fraction        | 0.162     |
|    clip_range           | 0.2       |
|    entropy_loss         | -0.13     |
|    explained_variance   | 0.981     |
|    learning_rate        | 0.0003    |
|    loss                 | -0.024    |
|    n_updates            | 3780      |
|    policy_gradient_loss | -0.0241   |
|    value_loss           | 0.0148    |
---------------------------------------
----------------------------------------
| rollout/                |            |
|    ep_len_mean          | 7.49       |
|    ep_rew_mean          | 3.82       |
| time/                   |            |
|    fps                  | 212        |
|    iterations           | 20         |
|    time_elapsed         | 48         |
|    total_timesteps      | 10240      |
| train/                  |            |
|    approx_kl            | 0.15619805 |
|    clip_fraction        | 0.169      |
|    clip_range           | 0.2        |
|    entropy_loss         | -0.156     |
|    explained_variance   | 0.914      |
|    learning_rate        | 0.0003     |
|    loss                 | 0.0816     |
|    n_updates            | 3790       |
|    policy_gradient_loss | -0.0171    |
|    value_loss           | 0.0674     |
----------------------------------------
----------------------------------------
| rollout/                |            |
|    ep_len_mean          | 6.78       |
|    ep_rew_mean          | 3.73       |
| time/                   |            |
|    fps                  | 211        |
|    iterations           | 21         |
|    time_elapsed         | 50         |
|    total_timesteps      | 10752      |
| train/                  |            |
|    approx_kl            | 0.14556158 |
|    clip_fraction        | 0.138      |
|    clip_range           | 0.2        |
|    entropy_loss         | -0.137     |
|    explained_variance   | 0.978      |
|    learning_rate        | 0.0003     |
|    loss                 | 0.0622     |
|    n_updates            | 3800       |
|    policy_gradient_loss | -0.0168    |
|    value_loss           | 0.0193     |
----------------------------------------
----------------------------------------
| rollout/                |            |
|    ep_len_mean          | 6.88       |
|    ep_rew_mean          | 3.89       |
| time/                   |            |
|    fps                  | 211        |
|    iterations           | 22         |
|    time_elapsed         | 53         |
|    total_timesteps      | 11264      |
| train/                  |            |
|    approx_kl            | 0.35836107 |
|    clip_fraction        | 0.217      |
|    clip_range           | 0.2        |
|    entropy_loss         | -0.153     |
|    explained_variance   | 0.982      |
|    learning_rate        | 0.0003     |
|    loss                 | -0.0508    |
|    n_updates            | 3810       |
|    policy_gradient_loss | -0.0317    |
|    value_loss           | 0.0133     |
----------------------------------------
----------------------------------------
| rollout/                |            |
|    ep_len_mean          | 6.97       |
|    ep_rew_mean          | 3.78       |
| time/                   |            |
|    fps                  | 210        |
|    iterations           | 23         |
|    time_elapsed         | 55         |
|    total_timesteps      | 11776      |
| train/                  |            |
|    approx_kl            | 0.17640638 |
|    clip_fraction        | 0.184      |
|    clip_range           | 0.2        |
|    entropy_loss         | -0.151     |
|    explained_variance   | 0.989      |
|    learning_rate        | 0.0003     |
|    loss                 | -0.0339    |
|    n_updates            | 3820       |
|    policy_gradient_loss | -0.0267    |
|    value_loss           | 0.00986    |
----------------------------------------
----------------------------------------
| rollout/                |            |
|    ep_len_mean          | 6.75       |
|    ep_rew_mean          | 3.72       |
| time/                   |            |
|    fps                  | 209        |
|    iterations           | 24         |
|    time_elapsed         | 58         |
|    total_timesteps      | 12288      |
| train/                  |            |
|    approx_kl            | 0.22465976 |
|    clip_fraction        | 0.152      |
|    clip_range           | 0.2        |
|    entropy_loss         | -0.141     |
|    explained_variance   | 0.942      |
|    learning_rate        | 0.0003     |
|    loss                 | -0.0234    |
|    n_updates            | 3830       |
|    policy_gradient_loss | -0.0299    |
|    value_loss           | 0.0399     |
----------------------------------------
----------------------------------------
| rollout/                |            |
|    ep_len_mean          | 6.56       |
|    ep_rew_mean          | 3.68       |
| time/                   |            |
|    fps                  | 209        |
|    iterations           | 25         |
|    time_elapsed         | 61         |
|    total_timesteps      | 12800      |
| train/                  |            |
|    approx_kl            | 0.12853344 |
|    clip_fraction        | 0.17       |
|    clip_range           | 0.2        |
|    entropy_loss         | -0.152     |
|    explained_variance   | 0.979      |
|    learning_rate        | 0.0003     |
|    loss                 | -0.0504    |
|    n_updates            | 3840       |
|    policy_gradient_loss | -0.0271    |
|    value_loss           | 0.0165     |
----------------------------------------
----------------------------------------
| rollout/                |            |
|    ep_len_mean          | 6.74       |
|    ep_rew_mean          | 3.76       |
| time/                   |            |
|    fps                  | 208        |
|    iterations           | 26         |
|    time_elapsed         | 63         |
|    total_timesteps      | 13312      |
| train/                  |            |
|    approx_kl            | 0.20578484 |
|    clip_fraction        | 0.195      |
|    clip_range           | 0.2        |
|    entropy_loss         | -0.168     |
|    explained_variance   | 0.984      |
|    learning_rate        | 0.0003     |
|    loss                 | -0.0606    |
|    n_updates            | 3850       |
|    policy_gradient_loss | -0.0335    |
|    value_loss           | 0.0151     |
----------------------------------------
----------------------------------------
| rollout/                |            |
|    ep_len_mean          | 6.49       |
|    ep_rew_mean          | 3.69       |
| time/                   |            |
|    fps                  | 208        |
|    iterations           | 27         |
|    time_elapsed         | 66         |
|    total_timesteps      | 13824      |
| train/                  |            |
|    approx_kl            | 0.13330708 |
|    clip_fraction        | 0.194      |
|    clip_range           | 0.2        |
|    entropy_loss         | -0.176     |
|    explained_variance   | 0.987      |
|    learning_rate        | 0.0003     |
|    loss                 | -0.044     |
|    n_updates            | 3860       |
|    policy_gradient_loss | -0.0318    |
|    value_loss           | 0.0124     |
----------------------------------------
----------------------------------------
| rollout/                |            |
|    ep_len_mean          | 6.77       |
|    ep_rew_mean          | 3.81       |
| time/                   |            |
|    fps                  | 208        |
|    iterations           | 28         |
|    time_elapsed         | 68         |
|    total_timesteps      | 14336      |
| train/                  |            |
|    approx_kl            | 0.17230403 |
|    clip_fraction        | 0.177      |
|    clip_range           | 0.2        |
|    entropy_loss         | -0.15      |
|    explained_variance   | 0.988      |
|    learning_rate        | 0.0003     |
|    loss                 | -0.043     |
|    n_updates            | 3870       |
|    policy_gradient_loss | -0.0335    |
|    value_loss           | 0.0109     |
----------------------------------------
----------------------------------------
| rollout/                |            |
|    ep_len_mean          | 7.1        |
|    ep_rew_mean          | 3.72       |
| time/                   |            |
|    fps                  | 208        |
|    iterations           | 29         |
|    time_elapsed         | 71         |
|    total_timesteps      | 14848      |
| train/                  |            |
|    approx_kl            | 0.18525672 |
|    clip_fraction        | 0.196      |
|    clip_range           | 0.2        |
|    entropy_loss         | -0.168     |
|    explained_variance   | 0.987      |
|    learning_rate        | 0.0003     |
|    loss                 | -0.0336    |
|    n_updates            | 3880       |
|    policy_gradient_loss | -0.0302    |
|    value_loss           | 0.0114     |
----------------------------------------
---------------------------------------
| rollout/                |           |
|    ep_len_mean          | 6.93      |
|    ep_rew_mean          | 3.8       |
| time/                   |           |
|    fps                  | 208       |
|    iterations           | 30        |
|    time_elapsed         | 73        |
|    total_timesteps      | 15360     |
| train/                  |           |
|    approx_kl            | 0.1684964 |
|    clip_fraction        | 0.163     |
|    clip_range           | 0.2       |
|    entropy_loss         | -0.154    |
|    explained_variance   | 0.901     |
|    learning_rate        | 0.0003    |
|    loss                 | -0.0213   |
|    n_updates            | 3890      |
|    policy_gradient_loss | -0.0387   |
|    value_loss           | 0.0772    |
---------------------------------------
----------------------------------------
| rollout/                |            |
|    ep_len_mean          | 7.17       |
|    ep_rew_mean          | 3.93       |
| time/                   |            |
|    fps                  | 207        |
|    iterations           | 31         |
|    time_elapsed         | 76         |
|    total_timesteps      | 15872      |
| train/                  |            |
|    approx_kl            | 0.23829234 |
|    clip_fraction        | 0.163      |
|    clip_range           | 0.2        |
|    entropy_loss         | -0.134     |
|    explained_variance   | 0.977      |
|    learning_rate        | 0.0003     |
|    loss                 | -0.0417    |
|    n_updates            | 3900       |
|    policy_gradient_loss | -0.0301    |
|    value_loss           | 0.0146     |
----------------------------------------
----------------------------------------
| rollout/                |            |
|    ep_len_mean          | 6.86       |
|    ep_rew_mean          | 3.71       |
| time/                   |            |
|    fps                  | 207        |
|    iterations           | 32         |
|    time_elapsed         | 78         |
|    total_timesteps      | 16384      |
| train/                  |            |
|    approx_kl            | 0.15844733 |
|    clip_fraction        | 0.194      |
|    clip_range           | 0.2        |
|    entropy_loss         | -0.166     |
|    explained_variance   | 0.989      |
|    learning_rate        | 0.0003     |
|    loss                 | -0.0424    |
|    n_updates            | 3910       |
|    policy_gradient_loss | -0.0269    |
|    value_loss           | 0.0133     |
----------------------------------------
----------------------------------------
| rollout/                |            |
|    ep_len_mean          | 6.86       |
|    ep_rew_mean          | 3.77       |
| time/                   |            |
|    fps                  | 207        |
|    iterations           | 33         |
|    time_elapsed         | 81         |
|    total_timesteps      | 16896      |
| train/                  |            |
|    approx_kl            | 0.13581932 |
|    clip_fraction        | 0.177      |
|    clip_range           | 0.2        |
|    entropy_loss         | -0.141     |
|    explained_variance   | 0.989      |
|    learning_rate        | 0.0003     |
|    loss                 | -0.0288    |
|    n_updates            | 3920       |
|    policy_gradient_loss | -0.0303    |
|    value_loss           | 0.0136     |
----------------------------------------
----------------------------------------
| rollout/                |            |
|    ep_len_mean          | 6.71       |
|    ep_rew_mean          | 3.74       |
| time/                   |            |
|    fps                  | 207        |
|    iterations           | 34         |
|    time_elapsed         | 83         |
|    total_timesteps      | 17408      |
| train/                  |            |
|    approx_kl            | 0.22234671 |
|    clip_fraction        | 0.159      |
|    clip_range           | 0.2        |
|    entropy_loss         | -0.132     |
|    explained_variance   | 0.985      |
|    learning_rate        | 0.0003     |
|    loss                 | -0.0469    |
|    n_updates            | 3930       |
|    policy_gradient_loss | -0.0336    |
|    value_loss           | 0.0145     |
----------------------------------------
----------------------------------------
| rollout/                |            |
|    ep_len_mean          | 6.73       |
|    ep_rew_mean          | 3.73       |
| time/                   |            |
|    fps                  | 207        |
|    iterations           | 35         |
|    time_elapsed         | 86         |
|    total_timesteps      | 17920      |
| train/                  |            |
|    approx_kl            | 0.15926875 |
|    clip_fraction        | 0.163      |
|    clip_range           | 0.2        |
|    entropy_loss         | -0.124     |
|    explained_variance   | 0.99       |
|    learning_rate        | 0.0003     |
|    loss                 | -0.0416    |
|    n_updates            | 3940       |
|    policy_gradient_loss | -0.0336    |
|    value_loss           | 0.00915    |
----------------------------------------
---------------------------------------
| rollout/                |           |
|    ep_len_mean          | 7.17      |
|    ep_rew_mean          | 4.01      |
| time/                   |           |
|    fps                  | 207       |
|    iterations           | 36        |
|    time_elapsed         | 88        |
|    total_timesteps      | 18432     |
| train/                  |           |
|    approx_kl            | 0.2110159 |
|    clip_fraction        | 0.167     |
|    clip_range           | 0.2       |
|    entropy_loss         | -0.125    |
|    explained_variance   | 0.983     |
|    learning_rate        | 0.0003    |
|    loss                 | -0.0404   |
|    n_updates            | 3950      |
|    policy_gradient_loss | -0.0283   |
|    value_loss           | 0.0124    |
---------------------------------------
----------------------------------------
| rollout/                |            |
|    ep_len_mean          | 6.82       |
|    ep_rew_mean          | 3.76       |
| time/                   |            |
|    fps                  | 206        |
|    iterations           | 37         |
|    time_elapsed         | 91         |
|    total_timesteps      | 18944      |
| train/                  |            |
|    approx_kl            | 0.19005916 |
|    clip_fraction        | 0.151      |
|    clip_range           | 0.2        |
|    entropy_loss         | -0.123     |
|    explained_variance   | 0.982      |
|    learning_rate        | 0.0003     |
|    loss                 | -0.0636    |
|    n_updates            | 3960       |
|    policy_gradient_loss | -0.0271    |
|    value_loss           | 0.0137     |
----------------------------------------
----------------------------------------
| rollout/                |            |
|    ep_len_mean          | 6.85       |
|    ep_rew_mean          | 3.75       |
| time/                   |            |
|    fps                  | 206        |
|    iterations           | 38         |
|    time_elapsed         | 94         |
|    total_timesteps      | 19456      |
| train/                  |            |
|    approx_kl            | 0.11890936 |
|    clip_fraction        | 0.143      |
|    clip_range           | 0.2        |
|    entropy_loss         | -0.113     |
|    explained_variance   | 0.976      |
|    learning_rate        | 0.0003     |
|    loss                 | -0.0329    |
|    n_updates            | 3970       |
|    policy_gradient_loss | -0.0278    |
|    value_loss           | 0.0185     |
----------------------------------------
----------------------------------------
| rollout/                |            |
|    ep_len_mean          | 7.07       |
|    ep_rew_mean          | 3.95       |
| time/                   |            |
|    fps                  | 206        |
|    iterations           | 39         |
|    time_elapsed         | 96         |
|    total_timesteps      | 19968      |
| train/                  |            |
|    approx_kl            | 0.23259124 |
|    clip_fraction        | 0.164      |
|    clip_range           | 0.2        |
|    entropy_loss         | -0.114     |
|    explained_variance   | 0.984      |
|    learning_rate        | 0.0003     |
|    loss                 | -0.0392    |
|    n_updates            | 3980       |
|    policy_gradient_loss | -0.0295    |
|    value_loss           | 0.0138     |
----------------------------------------
----------------------------------------
| rollout/                |            |
|    ep_len_mean          | 6.86       |
|    ep_rew_mean          | 3.88       |
| time/                   |            |
|    fps                  | 205        |
|    iterations           | 40         |
|    time_elapsed         | 99         |
|    total_timesteps      | 20480      |
| train/                  |            |
|    approx_kl            | 0.14802207 |
|    clip_fraction        | 0.137      |
|    clip_range           | 0.2        |
|    entropy_loss         | -0.112     |
|    explained_variance   | 0.986      |
|    learning_rate        | 0.0003     |
|    loss                 | -0.0388    |
|    n_updates            | 3990       |
|    policy_gradient_loss | -0.0252    |
|    value_loss           | 0.0124     |
----------------------------------------

[Success] Training curve saved to log/healthy_training_10x10.png

============================================================
### FULL EPOCH REWARDS HISTORY ###
Agent Rewards (All 10 Epochs): 
[-6.642002105712891, -3.3080005645751953, 3.2679998874664307, 4.079999923706055, 3.380000114440918, 3.633999824523926, 3.757999897003174, 3.627999782562256, 3.5339996814727783, 3.799999952316284]

Baseline Rewards (All 10 Epochs): 
[3.63, 3.92, 3.92, 3.4, 3.94, 3.69, 3.91, 3.72, 3.65, 3.79]

============================================================
### FINAL MODEL EXPORT ###

[Success] Full PPO model saved to: ppo_dmfb_model_10x10.zip
============================================================

